Id,target
1000001,0.19334753
1000002,-1.4919717
1000003,-2.7694747
1000004,-3.6895356
1000005,-4.777415
1000006,-1.8868126
1000007,-1.8301015
1000008,-3.438341
1000009,-4.8021526
1000010,-2.6043057
1000011,-2.4993618
1000012,-0.26740426
1000013,-3.1332123
1000014,-1.9826744
1000015,-3.6914394
1000016,-4.6776276
1000017,-4.4280567
1000018,-4.470525
1000019,-8.751661
1000020,-3.3972812
1000021,-4.8440294
1000022,-4.2417374
1000023,-4.508195
1000024,-3.526117
1000025,-3.246244
1000026,-7.1349373
1000027,-1.319345
1000028,-3.5665674
1000029,-5.1506844
1000030,-7.250021
1000031,-5.6940475
1000032,-5.5349874
1000033,-4.6018434
1000034,-1.5150366
1000035,-3.5945592
1000036,-3.307446
1000037,-6.5605764
1000038,-7.9426064
1000039,-5.2154856
1000040,-3.3336332
1000041,-4.0172787
1000042,-5.7360377
1000043,0.38258293
1000044,-5.351475
1000045,-3.1018152
1000046,-2.5276031
1000047,-6.120367
1000048,-3.5707195
1000049,-4.406295
1000050,-5.2715797
1000051,-3.2266967
1000052,-3.6315837
1000053,-5.005438
1000054,-1.9530368
1000055,-2.2881389
1000056,-7.798718
1000057,-5.6201615
1000058,-3.0108488
1000059,-4.086119
1000060,-5.2373776
1000061,-7.956168
1000062,-3.712732
1000063,-4.010826
1000064,-4.633134
1000065,-7.059675
1000066,-2.7874703
1000067,-5.011294
1000068,-5.6335826
1000069,-4.5893307
1000070,-5.159699
1000071,-5.114379
1000072,-3.6776319
1000073,-2.12313
1000074,-5.331345
1000075,-4.9299755
1000076,-2.5044756
1000077,-6.5746107
1000078,-3.5770297
1000079,-2.9332764
1000080,-1.0420253
1000081,-0.7546967
1000082,-7.3874445
1000083,-5.1528687
1000084,-3.5164368
1000085,-7.244011
1000086,-1.7856953
1000087,-1.272009
1000088,-5.09305
1000089,-2.3631647
1000090,-7.393328
1000091,-5.9909043
1000092,-4.34353
1000093,-1.8065819
1000094,-4.8975625
1000095,-6.2471733
1000096,-4.1086674
1000097,-1.4629406
1000098,-5.5498533
1000099,-4.549201
1000100,-4.8052235
1000101,-7.599055
1000102,-1.7464662
1000103,-2.2201178
1000104,-2.1381032
1000105,-5.99769
1000106,-7.4578133
1000107,-5.7263536
1000108,-1.3819051
1000109,-6.3015313
1000110,-3.1957748
1000111,-2.0158749
1000112,-4.131196
1000113,-4.485579
1000114,-1.3428781
1000115,-5.77414
1000116,-6.321432
1000117,-1.3785692
1000118,-4.7416096
1000119,-0.96844137
1000120,-1.5394614
1000121,-3.3099353
1000122,-3.668419
1000123,-7.49945
1000124,-5.7486215
1000125,-5.3333483
1000126,-4.4636664
1000127,-5.18418
1000128,-3.867999
1000129,-3.308473
1000130,-0.4374568
1000131,-6.7955394
1000132,-7.6902757
1000133,-6.5068
1000134,-6.8389974
1000135,-6.8990097
1000136,-3.187169
1000137,-2.494288
1000138,-4.098908
1000139,-3.6761112
1000140,-2.3032627
1000141,-4.3329935
1000142,-7.5131946
1000143,-3.7262475
1000144,-1.7248175
1000145,-4.597302
1000146,-2.329487
1000147,-4.762983
1000148,-4.088135
1000149,-2.403756
1000150,-6.401493
1000151,-5.072303
1000152,-2.3589618
1000153,-6.3922186
1000154,-2.5128517
1000155,-0.12015226
1000156,-1.1592716
1000157,-1.8302313
1000158,-1.0994768
1000159,-0.20224713
1000160,-0.74425346
1000161,-2.2512698
1000162,-7.527327
1000163,-6.618585
1000164,-5.052597
1000165,-0.09883766
1000166,-6.687958
1000167,-7.1094265
1000168,-4.017176
1000169,-4.4991527
1000170,-7.8849406
1000171,-3.5422888
1000172,-1.8966223
1000173,-1.428127
1000174,-6.338515
1000175,-5.707681
1000176,-9.843637
1000177,-4.638471
1000178,-1.4270449
1000179,0.8537154
1000180,-3.627834
1000181,-5.335565
1000182,-2.367689
1000183,-7.7226925
1000184,-6.198824
1000185,-1.6807048
1000186,-1.8398418
1000187,-3.7293172
1000188,-5.8877277
1000189,-2.9980085
1000190,-3.5743363
1000191,-4.0332546
1000192,-6.2869186
1000193,-4.0781994
1000194,-1.6743034
1000195,-0.75745404
1000196,-4.39949
1000197,-2.1166444
1000198,-0.9063219
1000199,-5.5792656
1000200,-2.4425254
1000201,-2.808709
1000202,-4.5162787
1000203,-3.9691703
1000204,-8.0745535
1000205,-7.7931013
1000206,-5.3001814
1000207,-2.3919396
1000208,-6.769327
1000209,-3.0354233
1000210,-4.747189
1000211,-5.514688
1000212,-7.646765
1000213,-6.0343866
1000214,-5.3188705
1000215,-3.334399
1000216,-4.1035943
1000217,-1.3549608
1000218,-2.9745524
1000219,-5.0496864
1000220,-3.4156582
1000221,-1.4661441
1000222,-3.0448315
1000223,-1.1706909
1000224,-5.3876576
1000225,-5.0131483
1000226,-4.673813
1000227,-7.092243
1000228,-4.382018
1000229,-4.9605403
1000230,-3.2224283
1000231,-4.2578073
1000232,-8.280562
1000233,-4.546965
1000234,-6.1890993
1000235,-0.49679723
1000236,-7.522874
1000237,-5.5085435
1000238,-3.5211303
1000239,-0.928663
1000240,-1.0816486
1000241,-3.631092
1000242,-3.1994576
1000243,-4.7679186
1000244,-9.34553
1000245,-7.210047
1000246,-4.238125
1000247,-4.9029675
1000248,-6.4384303
1000249,-4.5127587
1000250,-4.0052147
1000251,-6.7310205
1000252,-5.125411
1000253,-2.0611463
1000254,-5.2651243
1000255,-4.7216926
1000256,-3.5282772
1000257,-6.0098453
1000258,-2.8637664
1000259,-3.0942924
1000260,-4.9167237
1000261,-2.3945463
1000262,-2.7797067
1000263,-5.1002727
1000264,-7.0629244
1000265,-3.3614235
1000266,-3.1320155
1000267,-4.960274
1000268,-3.2592814
1000269,-4.331919
1000270,-2.2968776
1000271,-2.4764035
1000272,-4.442607
1000273,-0.101049475
1000274,-3.0498133
1000275,-4.1078215
1000276,-4.146891
1000277,-6.74238
1000278,-5.674024
1000279,-4.584827
1000280,-3.3348322
1000281,-4.5284715
1000282,-5.8509865
1000283,-6.29186
1000284,-6.899724
1000285,-1.6297253
1000286,-0.9392346
1000287,-9.220409
1000288,-1.5734469
1000289,-1.1876405
1000290,-3.7346072
1000291,-1.5898211
1000292,-1.0302474
1000293,-2.0274794
1000294,-6.1934676
1000295,-6.258015
1000296,-4.6206284
1000297,-2.6473691
1000298,-5.048993
1000299,-7.108318
1000300,-2.1446202
1000301,-6.7639055
1000302,-3.992363
1000303,-4.9678006
1000304,-1.064465
1000305,-6.408203
1000306,-6.345812
1000307,-4.496746
1000308,-1.7118709
1000309,-1.9706695
1000310,-0.117369995
1000311,-2.8435214
1000312,-2.5285609
1000313,-3.4193523
1000314,-4.50316
1000315,-1.5521228
1000316,-3.8120275
1000317,-2.0447104
1000318,-7.3007884
1000319,-2.247406
1000320,-5.099212
1000321,-2.1606724
1000322,-4.100777
1000323,-4.401241
1000324,-4.934099
1000325,-1.518168
1000326,-4.6925926
1000327,-4.1033926
1000328,-3.6940534
1000329,-7.10891
1000330,-7.6910233
1000331,-3.466826
1000332,-6.790263
1000333,-7.0729995
1000334,-3.062151
1000335,-4.767347
1000336,-5.8024945
1000337,-2.0658016
1000338,0.30474415
1000339,-0.941853
1000340,-1.9788717
1000341,-3.3318179
1000342,-3.9636536
1000343,-6.485172
1000344,-2.0437536
1000345,-5.1651764
1000346,-5.9375496
1000347,-3.021489
1000348,-3.5010443
1000349,-2.987357
1000350,-6.446
1000351,-3.546757
1000352,-5.71765
1000353,-2.9053612
1000354,-8.60751
1000355,-3.1955333
1000356,-4.1102633
1000357,-6.8928027
1000358,-7.0240555
1000359,-6.7220974
1000360,-1.684983
1000361,-2.3774006
1000362,-1.322421
1000363,-2.0097132
1000364,-4.266348
1000365,-6.5278606
1000366,-6.60576
1000367,-3.1784184
1000368,-8.105098
1000369,-6.1451764
1000370,-5.8025823
1000371,-1.408055
1000372,-6.9032774
1000373,-7.0877795
1000374,-1.1577774
1000375,-5.8674946
1000376,-1.2027724
1000377,-0.91405857
1000378,-1.8739713
1000379,-1.4336507
1000380,-5.096029
1000381,-1.3443084
1000382,-3.7103558
1000383,-6.940536
1000384,-6.219062
1000385,-2.849097
1000386,-6.7451825
1000387,-1.3558087
1000388,-6.653967
1000389,-7.3826575
1000390,-3.5974703
1000391,-7.6796007
1000392,-4.6940475
1000393,-4.805171
1000394,-3.9185183
1000395,-3.7463546
1000396,-7.054733
1000397,-5.4041085
1000398,-4.455962
1000399,-4.2689514
1000400,-2.271599
1000401,-5.9294696
1000402,-9.940005
1000403,-3.4365141
1000404,-4.1454463
1000405,-4.755805
1000406,-6.6520724
1000407,-1.6542759
1000408,-3.1307278
1000409,-1.2083801
1000410,-4.1137056
1000411,-3.1933093
1000412,-3.39474
1000413,-0.6038166
1000414,-7.5477953
1000415,-7.576546
1000416,-4.0823207
1000417,-0.928663
1000418,-3.5707195
1000419,-2.8581703
1000420,-4.3224053
1000421,-5.166741
1000422,-5.375027
1000423,-5.9431586
1000424,-5.7637625
1000425,-1.1109746
1000426,-7.311461
1000427,-5.967036
1000428,-2.7008674
1000429,-0.6360829
1000430,-0.8259777
1000431,-2.005724
1000432,-1.3450172
1000433,-3.2397926
1000434,-7.245229
1000435,-1.6337386
1000436,-1.5818108
1000437,-6.3496566
1000438,-4.4064574
1000439,-3.5899248
1000440,-6.0052986
1000441,-3.4631426
1000442,-4.5971117
1000443,-5.361044
1000444,-6.347518
1000445,-6.2454205
1000446,-2.5652134
1000447,-2.142338
1000448,-5.2517123
1000449,-3.581332
1000450,-6.219767
1000451,-4.6150966
1000452,-4.527289
1000453,-6.299345
1000454,-3.6392963
1000455,-5.700504
1000456,-1.0376104
1000457,-4.305092
1000458,-6.9240627
1000459,-4.764932
1000460,0.48048982
1000461,-4.451863
1000462,-7.376862
1000463,-4.4226713
1000464,0.23745304
1000465,-2.082009
1000466,-1.9636912
1000467,-6.3993173
1000468,-3.9640734
1000469,-3.1712286
1000470,-0.80254304
1000471,-4.2522135
1000472,-5.6377087
1000473,-3.285289
1000474,-1.5951225
1000475,-7.483385
1000476,-7.4761577
1000477,-3.697131
1000478,-2.5605767
1000479,-1.0973741
1000480,-3.8499434
1000481,-4.1392255
1000482,-5.987692
1000483,-2.9539196
1000484,-5.194622
1000485,-5.2825537
1000486,-3.1515176
1000487,-7.851105
1000488,-6.481826
1000489,-0.49493253
1000490,-6.004892
1000491,-1.5719746
1000492,-3.399023
1000493,-5.3812947
1000494,-2.0494535
1000495,-4.7476974
1000496,-5.3609886
1000497,-3.8671803
1000498,-3.1775155
1000499,-2.1018097
1000500,-5.6386747
1000501,-5.893183
1000502,-5.7968593
1000503,-6.031538
1000504,-3.9340258
1000505,-2.4299679
1000506,-5.604571
1000507,-6.326309
1000508,-5.55445
1000509,-7.8202877
1000510,-4.1765256
1000511,-5.8609815
1000512,-7.577136
1000513,-3.043294
1000514,-3.441215
1000515,-1.6572223
1000516,-1.7506281
1000517,-2.0897388
1000518,-8.926551
1000519,-0.9898744
1000520,-1.5629704
1000521,-6.151772
1000522,-4.451466
1000523,-4.9494925
1000524,-3.6590388
1000525,-1.7163712
1000526,-0.744646
1000527,-3.1089327
1000528,-3.9050488
1000529,-7.1136913
1000530,-7.426629
1000531,-2.8393114
1000532,-6.5574274
1000533,-6.898838
1000534,-5.581179
1000535,-4.9827595
1000536,-5.9911046
1000537,-7.0434766
1000538,-6.767419
1000539,-1.6186352
1000540,-4.192781
1000541,-6.893143
1000542,-4.9262443
1000543,-3.572452
1000544,-7.614637
1000545,-1.349434
1000546,-6.8931212
1000547,-5.0495567
1000548,-6.5805564
1000549,-4.399863
1000550,-7.0382457
1000551,-4.7109795
1000552,-6.4219456
1000553,-6.4977455
1000554,-6.6887016
1000555,-2.9428236
1000556,-7.4929414
1000557,-4.43191
1000558,-4.4629197
1000559,-4.277474
1000560,-0.5445338
1000561,-7.524756
1000562,-7.8530655
1000563,-2.7101674
1000564,-6.2659397
1000565,-4.230093
1000566,-5.7213755
1000567,-3.7560334
1000568,-7.32523
1000569,-1.9067274
1000570,-3.8284528
1000571,-3.3302853
1000572,-4.982501
1000573,-3.5244112
1000574,-5.1702523
1000575,-1.8832268
1000576,-3.8896577
1000577,0.3856458
1000578,-3.4405334
1000579,1.0355502
1000580,-1.4921845
1000581,-6.760135
1000582,-4.4188657
1000583,-6.668348
1000584,-3.2401588
1000585,-7.0297346
1000586,-1.5160795
1000587,-5.643294
1000588,-4.5426784
1000589,-5.275583
1000590,-5.1132197
1000591,-2.6096027
1000592,-5.23899
1000593,-4.3339453
1000594,-1.7735944
1000595,-8.270134
1000596,-3.108709
1000597,-3.6538405
1000598,-2.5834951
1000599,-1.4451817
1000600,-3.627834
1000601,-2.8908079
1000602,-7.0789127
1000603,-2.7856889
1000604,-4.9236646
1000605,-3.7091858
1000606,-4.9905024
1000607,-1.1497421
1000608,-1.6677611
1000609,-5.819951
1000610,-2.694555
1000611,-1.2927113
1000612,-1.9756284
1000613,-6.3817415
1000614,-4.834038
1000615,-1.819723
1000616,-2.691917
1000617,-8.671677
1000618,-2.4828544
1000619,-6.3232346
1000620,-5.622224
1000621,-2.1763525
1000622,-7.0719986
1000623,-5.7856116
1000624,-6.6938252
1000625,-8.166766
1000626,-1.7357172
1000627,-7.041747
1000628,-0.6901744
1000629,-3.053406
1000630,-1.6174184
1000631,-3.8186908
1000632,-2.694072
1000633,-3.7950943
1000634,-4.4439297
1000635,-3.7256076
1000636,-3.5003982
1000637,-2.8747866
1000638,-5.6784415
1000639,-6.017189
1000640,-1.6201478
1000641,-6.531315
1000642,-7.093602
1000643,-5.319372
1000644,-4.909346
1000645,-3.2872102
1000646,-3.358933
1000647,-3.4450302
1000648,-6.361979
1000649,-5.4741964
1000650,-5.737882
1000651,-7.7212243
1000652,-4.4329348
1000653,-1.8475908
1000654,-2.6774414
1000655,-2.3006475
1000656,-1.7296606
1000657,-6.875789
1000658,-2.9532442
1000659,-3.4568224
1000660,-3.0522268
1000661,-5.837173
1000662,-6.748473
1000663,-2.2630644
1000664,-3.9472833
1000665,-6.4508796
1000666,-7.2665563
1000667,-3.4430943
1000668,-3.5076444
1000669,-4.6552644
1000670,-2.6431816
1000671,-1.8661894
1000672,-3.9257803
1000673,-1.6132969
1000674,-6.720575
1000675,-1.2843015
1000676,-4.4966965
1000677,-2.363407
1000678,-4.814215
1000679,-5.864006
1000680,-3.978056
1000681,-5.4958816
1000682,-5.843628
1000683,-1.0636432
1000684,-1.232293
1000685,-5.9934654
1000686,-1.8967897
1000687,-7.158744
1000688,-5.1502953
1000689,-9.5546665
1000690,-6.236705
1000691,-4.227491
1000692,-4.930695
1000693,-3.11806
1000694,-4.4106603
1000695,-4.6959834
1000696,-3.3560627
1000697,-7.526341
1000698,-7.105359
1000699,-4.044876
1000700,-3.7475078
1000701,-0.54812205
1000702,-3.8787782
1000703,-5.346795
1000704,-2.2382178
1000705,-6.6067467
1000706,-5.488791
1000707,-4.6788917
1000708,-6.4964023
1000709,-1.5322053
1000710,-6.0255527
1000711,-6.3976045
1000712,-3.3872194
1000713,-4.6520915
1000714,-3.2984684
1000715,-5.2259054
1000716,-0.9823999
1000717,-4.277339
1000718,-4.4674697
1000719,-4.541883
1000720,-6.6881704
1000721,-2.3240006
1000722,-4.7589645
1000723,-5.7188244
1000724,-1.876595
1000725,-1.9558578
1000726,-3.3424163
1000727,-5.76929
1000728,-7.990322
1000729,-4.517006
1000730,-6.7179365
1000731,-3.1496904
1000732,-3.2180736
1000733,-3.3999383
1000734,-5.1821837
1000735,-3.1190047
1000736,-5.024462
1000737,-7.3014073
1000738,-7.6609282
1000739,-4.8213725
1000740,-6.6327844
1000741,-7.3091984
1000742,-1.0415827
1000743,-4.1015725
1000744,-8.08737
1000745,-7.0542645
1000746,-2.7952783
1000747,-3.523318
1000748,-0.85374063
1000749,-7.42557
1000750,-2.942095
1000751,-1.8891038
1000752,-5.025716
1000753,-8.558451
1000754,-1.1957003
1000755,-5.388141
1000756,-6.9053197
1000757,-6.796633
1000758,-4.357194
1000759,-5.8742967
1000760,-2.7389824
1000761,-5.6657867
1000762,-4.593094
1000763,-0.990414
1000764,-3.9435081
1000765,-3.5128682
1000766,-5.987705
1000767,-1.19302
1000768,-8.251857
1000769,-0.54364014
1000770,-6.0832458
1000771,-2.9167352
1000772,-2.794798
1000773,-1.2714967
1000774,-5.925363
1000775,-2.7886813
1000776,-3.0458734
1000777,-1.8885854
1000778,-3.427069
1000779,-5.9553385
1000780,-2.520219
1000781,-3.5740197
1000782,-4.6178474
1000783,-6.7922006
1000784,-3.154531
1000785,-3.164845
1000786,-2.17527
1000787,-3.850014
1000788,-3.080244
1000789,-3.1418226
1000790,-5.4919147
1000791,-4.94893
1000792,-2.4171786
1000793,-7.6318207
1000794,-7.6306243
1000795,-3.2085996
1000796,-6.0428123
1000797,-6.709434
1000798,-2.0396757
1000799,-6.2602825
1000800,-3.5468137
1000801,-1.7031549
1000802,-3.3092995
1000803,-5.3478975
1000804,-3.8673487
1000805,-1.3138168
1000806,-1.1831632
1000807,-8.049061
1000808,-2.541106
1000809,-5.5481424
1000810,-3.7941399
1000811,-5.4310617
1000812,-4.5164466
1000813,-3.578584
1000814,-5.633288
1000815,-5.0147266
1000816,-1.387078
1000817,-4.382968
1000818,-4.455379
1000819,-4.810523
1000820,-4.52813
1000821,-5.6447177
1000822,-5.3484282
1000823,-1.6132969
1000824,-7.5488496
1000825,-0.7636095
1000826,-5.9783072
1000827,-3.7698216
1000828,-4.2732573
1000829,-4.00045
1000830,-2.2584014
1000831,-4.0974965
1000832,-9.046426
1000833,-1.759525
1000834,-3.4485474
1000835,-7.5925
1000836,-2.0937445
1000837,-0.44808447
1000838,-4.1191835
1000839,-8.2871065
1000840,-4.844312
1000841,-4.386649
1000842,-4.8366203
1000843,-0.5102011
1000844,-4.632515
1000845,-2.118342
1000846,-6.2497463
1000847,-3.9053302
1000848,-5.063078
1000849,-6.0052476
1000850,-3.9509795
1000851,-2.629165
1000852,-5.0577765
1000853,-2.3395162
1000854,-4.578835
1000855,-3.6616218
1000856,-6.091735
1000857,0.43842566
1000858,-3.6696713
1000859,-1.6645638
1000860,-7.47716
1000861,-3.215411
1000862,-0.52825385
1000863,-8.348212
1000864,-7.456049
1000865,-1.7735944
1000866,-2.6895816
1000867,-1.342255
1000868,-7.8601503
1000869,-5.2060394
1000870,0.43702817
1000871,-2.2645528
1000872,-2.9497669
1000873,-4.8433247
1000874,-6.759735
1000875,-1.5773352
1000876,-2.7278626
1000877,-7.401599
1000878,-2.2153232
1000879,-7.147641
1000880,-4.1116714
1000881,-0.06171318
1000882,-1.1887381
1000883,-4.419345
1000884,-6.261493
1000885,-1.0468272
1000886,-6.1973248
1000887,-4.4715524
1000888,-7.155566
1000889,-5.155196
1000890,-0.75346714
1000891,0.6223677
1000892,-7.2480354
1000893,-2.2418485
1000894,-6.2176037
1000895,-6.2263637
1000896,-2.797215
1000897,-6.7926655
1000898,-2.8729599
1000899,-3.2775428
1000900,-3.7939694
1000901,-2.8595574
1000902,-0.19821502
1000903,-4.558072
1000904,-6.672003
1000905,-6.714189
1000906,-2.8609529
1000907,-4.569761
1000908,-2.4852307
1000909,-7.0606203
1000910,-6.7721024
1000911,-1.7989652
1000912,-6.4283705
1000913,-8.486349
1000914,-4.4392576
1000915,-3.6130517
1000916,-2.966084
1000917,-5.237507
1000918,-2.7570157
1000919,-7.4882984
1000920,-0.8316841
1000921,-1.5440845
1000922,-5.690225
1000923,-5.1160946
1000924,-5.6329956
1000925,-5.2187047
1000926,-5.8290744
1000927,-2.2521815
1000928,-3.3752537
1000929,-3.86415
1000930,-4.894887
1000931,-5.783387
1000932,-5.92123
1000933,-1.7641246
1000934,-5.768376
1000935,-6.0179834
1000936,-0.27517775
1000937,-2.6908534
1000938,-1.374
1000939,-6.169224
1000940,-7.030825
1000941,-1.468846
1000942,-5.223542
1000943,-5.7222695
1000944,-4.9167824
1000945,-4.873882
1000946,-5.9334006
1000947,-5.2608595
1000948,-7.072102
1000949,-3.6191587
1000950,-6.309035
1000951,-6.031538
1000952,-2.398082
1000953,-4.35635
1000954,-4.873593
1000955,-3.1961496
1000956,-3.9087422
1000957,-3.9109378
1000958,-1.1144637
1000959,-2.6465046
1000960,-5.7510467
1000961,-3.3726225
1000962,-1.6438909
1000963,-2.2299342
1000964,-2.7613065
1000965,-8.0069
1000966,-3.8300138
1000967,-7.4957128
1000968,-5.036918
1000969,-2.6601167
1000970,-0.997181
1000971,-4.9619937
1000972,-1.2152326
1000973,-3.8550375
1000974,-0.9742637
1000975,-7.0068164
1000976,-1.4119383
1000977,-6.9703336
1000978,-5.519414
1000979,-3.2564118
1000980,-2.257576
1000981,-3.5532095
1000982,-1.5393134
1000983,-3.664606
1000984,-5.077725
1000985,-7.7173433
1000986,-6.1811104
1000987,-4.2081275
1000988,-3.8517156
1000989,-1.8442065
1000990,-7.7312064
1000991,-5.1478524
1000992,-2.503901
1000993,-4.281192
1000994,-2.2789478
1000995,-2.388263
1000996,-6.6515956
1000997,-7.032304
1000998,-3.3029797
1000999,-1.4809471
1001000,-5.729945
1001001,-0.014069364
1001002,-2.5510566
1001003,-5.1831527
1001004,-5.006807
1001005,-3.187614
1001006,-2.5044425
1001007,-5.546007
1001008,-1.3733284
1001009,-5.5850043
1001010,-2.7051191
1001011,-5.7089105
1001012,0.2689318
1001013,-1.814492
1001014,-3.2016833
1001015,-7.703704
1001016,-3.2993407
1001017,-2.9090705
1001018,-2.282364
1001019,-7.6909738
1001020,-0.928517
1001021,-3.155129
1001022,-3.4831822
1001023,-4.3923755
1001024,-1.2262292
1001025,-6.776569
1001026,-4.2623706
1001027,-3.3145587
1001028,-0.66104937
1001029,-7.9908237
1001030,-4.5069213
1001031,-4.1316524
1001032,-3.0475185
1001033,-6.614732
1001034,-2.5378766
1001035,-7.2154446
1001036,-3.8685176
1001037,-3.9379704
1001038,-2.0162942
1001039,-6.998565
1001040,-7.375363
1001041,-8.785451
1001042,-3.8519828
1001043,-5.8746276
1001044,-3.0985851
1001045,-7.251298
1001046,-3.204077
1001047,-4.7531147
1001048,-3.6482153
1001049,-6.3147335
1001050,-6.461514
1001051,-3.9792032
1001052,-1.3056533
1001053,-4.3291497
1001054,-1.1054631
1001055,-3.2487426
1001056,-3.4934008
1001057,-3.890599
1001058,-3.094151
1001059,-8.482899
1001060,-7.3702583
1001061,-2.466469
1001062,-4.3182344
1001063,-4.834398
1001064,-7.4277005
1001065,-5.1457896
1001066,-3.7004817
1001067,-2.2138884
1001068,-6.4381795
1001069,-2.2364867
1001070,-1.8924824
1001071,-4.610051
1001072,-5.9369364
1001073,-2.936465
1001074,-1.7748893
1001075,-7.7345133
1001076,-7.7914495
1001077,-7.3483987
1001078,-4.926235
1001079,-2.9430192
1001080,-3.6940534
1001081,-3.938791
1001082,-3.1386733
1001083,-4.189401
1001084,-2.3886738
1001085,-3.56754
1001086,-2.883847
1001087,-0.90973467
1001088,-4.27597
1001089,-4.646838
1001090,-3.8591244
1001091,-6.1497993
1001092,-4.747746
1001093,-4.508791
1001094,-4.2094607
1001095,-5.0722704
1001096,-6.248711
1001097,-5.868634
1001098,-5.8844476
1001099,-0.8208258
1001100,-2.0236185
1001101,-7.4429674
1001102,-7.3472652
1001103,-2.537709
1001104,-6.9258747
1001105,-2.9350183
1001106,-1.8945074
1001107,-2.2069638
1001108,-5.528479
1001109,-8.420907
1001110,-1.2945099
1001111,-0.45800263
1001112,-2.9384646
1001113,-2.6136577
1001114,-3.5593705
1001115,-4.0598474
1001116,-7.599187
1001117,-6.9257045
1001118,-2.5274272
1001119,-5.21435
1001120,-1.1865817
1001121,-7.3560624
1001122,-5.7636194
1001123,-3.4048963
1001124,-7.1113863
1001125,-8.838098
1001126,-5.0210543
1001127,-2.7104955
1001128,-3.7574625
1001129,-5.8820877
1001130,-5.3668027
1001131,-4.659805
1001132,-3.5439591
1001133,0.32599643
1001134,-3.4638534
1001135,-3.107126
1001136,-5.6232986
1001137,-3.974596
1001138,-2.0579793
1001139,-2.0310023
1001140,-5.5565133
1001141,-3.5257454
1001142,-4.546965
1001143,0.6699154
1001144,-5.213261
1001145,-0.6885143
1001146,-3.8688445
1001147,-3.3784683
1001148,-0.7447473
1001149,-3.8340533
1001150,-5.312722
1001151,-5.289424
1001152,-7.662665
1001153,-2.8143942
1001154,-2.8141177
1001155,-5.9085236
1001156,-6.5316653
1001157,-3.6739898
1001158,-3.8508537
1001159,-6.915379
1001160,-2.471058
1001161,-6.026121
1001162,-7.280997
1001163,-3.19964
1001164,-5.4534016
1001165,-6.855368
1001166,-7.7110233
1001167,-4.5891085
1001168,-3.2268136
1001169,-3.7727442
1001170,-3.4625475
1001171,-2.2417426
1001172,-2.3314726
1001173,-7.562502
1001174,-1.1229886
1001175,-5.35378
1001176,-2.4298756
1001177,-2.6743891
1001178,0.018034492
1001179,-3.4884517
1001180,-2.0761337
1001181,-6.1844525
1001182,-1.0154735
1001183,-4.415387
1001184,-8.2868
1001185,-1.5686601
1001186,-7.09193
1001187,-3.247585
1001188,-3.3951952
1001189,-1.121013
1001190,-1.1094722
1001191,-2.9545898
1001192,-7.2531652
1001193,-7.0470014
1001194,-3.0658946
1001195,-0.5306238
1001196,-6.039885
1001197,-4.0116644
1001198,-2.6413398
1001199,-2.6369748
1001200,-7.8411684
1001201,-4.8915086
1001202,-4.3612766
1001203,-2.271866
1001204,-7.350855
1001205,-1.7370447
1001206,-3.1323144
1001207,-6.6330323
1001208,-7.0017667
1001209,-2.1699054
1001210,-0.6317783
1001211,-4.2289286
1001212,-3.6726081
1001213,-8.016701
1001214,-5.001328
1001215,-4.2757874
1001216,0.8615533
1001217,-5.66637
1001218,-3.9043267
1001219,0.5347551
1001220,-3.047446
1001221,-1.6359663
1001222,-2.406506
1001223,-2.5692582
1001224,-3.1653383
1001225,-5.368367
1001226,-5.0275455
1001227,-1.4008447
1001228,-0.94285685
1001229,-7.273823
1001230,-6.4160714
1001231,-4.5180845
1001232,-3.1410894
1001233,-6.0617433
1001234,-0.74425346
1001235,-1.8350427
1001236,-4.2730308
1001237,-4.459319
1001238,-2.0407836
1001239,-4.5321326
1001240,-4.1884255
1001241,-2.9214852
1001242,-6.3202925
1001243,-5.855356
1001244,-6.8294625
1001245,-5.936601
1001246,-4.295571
1001247,-2.6052232
1001248,-4.411879
1001249,-2.8390212
1001250,-2.816463
1001251,-4.379932
1001252,-1.4619913
1001253,-3.0902135
1001254,-4.588644
1001255,-4.1566663
1001256,-0.78701377
1001257,-4.7759614
1001258,-0.0149171315
1001259,-2.175017
1001260,-6.7298903
1001261,-4.2776775
1001262,-5.398118
1001263,-2.0835845
1001264,-3.5279856
1001265,-1.4291992
1001266,-5.4609747
1001267,0.5580808
1001268,-2.6337419
1001269,-1.7603122
1001270,-3.3956301
1001271,-4.6819644
1001272,-4.749223
1001273,-7.3450866
1001274,-4.7712603
1001275,-6.8752756
1001276,-7.9527597
1001277,-6.541242
1001278,-3.0103273
1001279,-1.6032257
1001280,-6.198325
1001281,-3.9025867
1001282,-1.6040065
1001283,-6.139021
1001284,-7.9293485
1001285,-2.4758766
1001286,-3.3026264
1001287,-1.5683727
1001288,-3.270246
1001289,-7.190478
1001290,-1.9191291
1001291,-4.5816708
1001292,-0.9969905
1001293,-2.1693213
1001294,-3.2503464
1001295,-5.7604713
1001296,-3.8395748
1001297,-3.2137928
1001298,-5.4988017
1001299,-4.0943017
1001300,-4.952502
1001301,-6.7067804
1001302,-3.0534563
1001303,-1.387078
1001304,-3.4207444
1001305,-5.386643
1001306,-3.2137928
1001307,-4.4755197
1001308,-8.164977
1001309,-3.7297065
1001310,-1.7513394
1001311,-7.4596305
1001312,-0.48118684
1001313,-4.092947
1001314,-4.3482013
1001315,-4.416478
1001316,-6.6221085
1001317,-7.088638
1001318,-5.119683
1001319,-5.205942
1001320,-5.4985533
1001321,-2.5759106
1001322,-1.84105
1001323,-2.462695
1001324,-2.5304253
1001325,-5.6818027
1001326,-5.4901175
1001327,-3.6877744
1001328,-7.0836554
1001329,-2.312934
1001330,-0.98667186
1001331,-2.1606724
1001332,-5.702144
1001333,-4.8713913
1001334,-4.5558305
1001335,-2.9559798
1001336,-3.278273
1001337,-3.1335514
1001338,-7.2453313
1001339,-4.0829844
1001340,-1.340638
1001341,-4.973777
1001342,-5.1187816
1001343,-3.3748555
1001344,-2.6700418
1001345,-7.136422
1001346,-3.5809033
1001347,-1.2882698
1001348,-7.863757
1001349,-6.1051745
1001350,-4.826523
1001351,-6.4407353
1001352,-6.0183525
1001353,-3.2258584
1001354,-2.102122
1001355,-8.576401
1001356,-7.2303724
1001357,-3.7019682
1001358,-6.0417986
1001359,-8.408264
1001360,-2.6733599
1001361,-6.7171116
1001362,-5.975205
1001363,-4.6155567
1001364,-5.8688135
1001365,-2.0643847
1001366,-4.266062
1001367,-7.4202666
1001368,-5.387832
1001369,-5.01704
1001370,-1.2978498
1001371,-5.854322
1001372,-3.1268039
1001373,-6.9260592
1001374,-2.6884892
1001375,-8.731421
1001376,-6.6927094
1001377,-2.2618244
1001378,-4.128643
1001379,-2.7023842
1001380,-3.267428
1001381,-3.7170258
1001382,-3.063482
1001383,-4.520947
1001384,-5.6460953
1001385,-6.0348268
1001386,-6.583874
1001387,-5.5517454
1001388,-6.605031
1001389,-6.047653
1001390,-3.2689025
1001391,-1.54204
1001392,-7.3316035
1001393,-4.527407
1001394,-4.603447
1001395,-4.5752506
1001396,-3.9603446
1001397,-5.1054487
1001398,-3.966402
1001399,-1.6706954
1001400,0.06659278
1001401,-5.2422204
1001402,-4.99926
1001403,-4.219011
1001404,-3.6379774
1001405,-0.3524828
1001406,-4.7193437
1001407,-2.9421432
1001408,-5.813606
1001409,-5.903946
1001410,-3.776444
1001411,-5.136513
1001412,-2.3853202
1001413,-3.2025797
1001414,-0.9858775
1001415,-2.64844
1001416,-3.187216
1001417,-5.8683095
1001418,-5.1143403
1001419,-7.288856
1001420,-2.6106143
1001421,-6.611968
1001422,-3.2632263
1001423,-5.7096996
1001424,-5.4797177
1001425,-4.066504
1001426,-4.2660413
1001427,-3.9573286
1001428,-3.445533
1001429,-1.9516802
1001430,-4.2036734
1001431,-2.1555254
1001432,-3.2882156
1001433,-6.43966
1001434,-5.8095093
1001435,-5.130146
1001436,-4.072544
1001437,-8.775761
1001438,-0.35360482
1001439,-3.6597924
1001440,-8.48096
1001441,-5.172732
1001442,-8.727464
1001443,-2.3794067
1001444,-0.67806154
1001445,-5.3657284
1001446,-9.389519
1001447,-5.3517976
1001448,-2.8583434
1001449,-0.8751046
1001450,-7.47182
1001451,-3.3494864
1001452,-5.83463
1001453,-1.331896
1001454,-3.32953
1001455,-7.4744487
1001456,-1.4758556
1001457,-4.3567476
1001458,-4.553909
1001459,-3.7841623
1001460,-3.7082493
1001461,-6.308031
1001462,-1.8401946
1001463,-3.1324122
1001464,-1.6655073
1001465,-7.8340364
1001466,-4.2770395
1001467,-7.0818653
1001468,-3.6786993
1001469,-3.3499362
1001470,-6.6479273
1001471,-7.169856
1001472,-1.6353614
1001473,-2.7699606
1001474,-3.844368
1001475,-2.7076783
1001476,-5.197526
1001477,-4.960922
1001478,-4.8568053
1001479,-1.1710116
1001480,-3.215063
1001481,-3.8080757
1001482,-1.7156876
1001483,-8.758702
1001484,-5.7178006
1001485,-4.4830866
1001486,-6.386777
1001487,-6.95887
1001488,-2.752783
1001489,-6.6803217
1001490,-4.8998184
1001491,-4.317175
1001492,-4.655785
1001493,-5.137127
1001494,-1.9773604
1001495,-1.5961773
1001496,-4.9904084
1001497,-0.28790954
1001498,-3.2480156
1001499,-3.1772025
1001500,-3.418997
1001501,-4.4313974
1001502,-4.7475863
1001503,-5.347373
1001504,-5.1281605
1001505,-1.8539397
1001506,-5.4237113
1001507,-4.9567304
1001508,-3.3864264
1001509,-6.148199
1001510,-1.9440298
1001511,-6.4166894
1001512,-5.264149
1001513,-6.009742
1001514,-1.3559124
1001515,-4.7894454
1001516,-2.9497113
1001517,-1.0460021
1001518,-4.025825
1001519,-5.6773715
1001520,-3.3065324
1001521,-5.079933
1001522,1.5957601
1001523,-3.2784483
1001524,-1.676283
1001525,-2.413052
1001526,-2.8523495
1001527,-5.2976637
1001528,-4.650579
1001529,-6.0337286
1001530,-3.3023438
1001531,-7.059057
1001532,-4.7869797
1001533,-3.9145315
1001534,-5.036059
1001535,-3.179808
1001536,-0.7792135
1001537,-6.571651
1001538,-6.013893
1001539,-6.5067725
1001540,-5.932615
1001541,-4.455428
1001542,-5.7542505
1001543,-5.8497233
1001544,-5.097528
1001545,-3.567183
1001546,-4.6050425
1001547,-8.152606
1001548,-1.3985337
1001549,-5.6078024
1001550,-1.9066796
1001551,-5.919068
1001552,-6.05425
1001553,-1.6807226
1001554,-0.6076193
1001555,-5.7032833
1001556,-3.1496212
1001557,-2.9337661
1001558,-4.966446
1001559,-2.8813312
1001560,-2.8627484
1001561,-1.1584306
1001562,-2.5136795
1001563,-2.758286
1001564,-5.6888614
1001565,-1.8396662
1001566,-4.6258264
1001567,-4.930904
1001568,-4.7044244
1001569,-7.3079147
1001570,-5.214027
1001571,-3.2287645
1001572,-4.197615
1001573,-4.5026617
1001574,-1.0819051
1001575,-7.995299
1001576,-2.6424153
1001577,-5.1069126
1001578,-6.593363
1001579,-7.04148
1001580,-6.7147684
1001581,-6.032412
1001582,-5.79277
1001583,-2.2893174
1001584,-4.326961
1001585,-6.9683247
1001586,-1.9131559
1001587,-6.389053
1001588,-6.969062
1001589,-4.0982275
1001590,-2.290032
1001591,-7.514468
1001592,-2.6970904
1001593,-2.8923435
1001594,-5.3729916
1001595,-5.0290008
1001596,-6.688595
1001597,-1.7578912
1001598,-3.7749104
1001599,-7.323374
1001600,-1.4770324
1001601,-5.7515078
1001602,-4.3398504
1001603,-5.332807
1001604,-5.5520277
1001605,-3.2156422
1001606,-4.1115694
1001607,-4.8933687
1001608,-3.2368078
1001609,-5.0603776
1001610,-5.841523
1001611,-5.0228357
1001612,-5.146253
1001613,-3.3744233
1001614,-7.3007965
1001615,-7.4031906
1001616,-2.4646463
1001617,-3.6114545
1001618,-3.694823
1001619,-3.695606
1001620,-2.8089817
1001621,-5.849736
1001622,-0.13186252
1001623,-5.512515
1001624,-3.5012662
1001625,-4.934738
1001626,-1.5355595
1001627,-3.5823572
1001628,-3.1328635
1001629,-1.1302735
1001630,-3.9995089
1001631,-5.256469
1001632,-4.1142154
1001633,-3.7904437
1001634,-2.5250943
1001635,-2.085526
1001636,1.147566
1001637,-3.7109191
1001638,-5.15057
1001639,-2.121166
1001640,-3.4598908
1001641,-5.326564
1001642,-0.1419628
1001643,-4.376107
1001644,-5.304051
1001645,-2.916703
1001646,-3.3435726
1001647,-4.179671
1001648,0.8960477
1001649,-7.424977
1001650,-3.3618138
1001651,-3.7640905
1001652,-6.151025
1001653,-6.1655564
1001654,-7.156492
1001655,-1.0022621
1001656,-3.3827736
1001657,-2.119526
1001658,-7.1894712
1001659,-7.0062103
1001660,-0.8947592
1001661,-4.4612036
1001662,-0.18246616
1001663,-6.9328218
1001664,-8.642313
1001665,-7.468723
1001666,-3.764693
1001667,-5.506593
1001668,-5.9659314
1001669,-2.756163
1001670,-2.102122
1001671,-5.0043125
1001672,-2.3644347
1001673,-6.0086503
1001674,-7.459124
1001675,-2.915998
1001676,-6.945699
1001677,-7.298804
1001678,-5.254346
1001679,-3.0604208
1001680,-4.451644
1001681,-3.1610372
1001682,-5.3740315
1001683,-6.2041726
1001684,-5.031756
1001685,-7.13246
1001686,-0.81257075
1001687,-3.1112847
1001688,-1.188996
1001689,-2.6867883
1001690,-4.4143767
1001691,-8.0483465
1001692,-8.069933
1001693,-8.235327
1001694,-3.0843008
1001695,-7.336851
1001696,-2.7139425
1001697,-5.0143104
1001698,-6.8780837
1001699,-5.6280575
1001700,-2.9067414
1001701,-1.4570814
1001702,-6.145275
1001703,-7.3948674
1001704,-1.6687334
1001705,-5.557612
1001706,-4.370037
1001707,-4.2788143
1001708,-5.1332374
1001709,-3.2870996
1001710,-2.7210023
1001711,-3.5607975
1001712,-5.569573
1001713,-2.6384938
1001714,0.8512507
1001715,-3.5471895
1001716,-0.9755487
1001717,0.47249073
1001718,-3.610053
1001719,-4.479514
1001720,-1.4056025
1001721,-2.4820645
1001722,-3.1759808
1001723,-3.4898427
1001724,-5.8287044
1001725,-5.8926644
1001726,-7.36017
1001727,-2.357607
1001728,-2.0954304
1001729,-4.5807652
1001730,-2.5948644
1001731,-4.2822356
1001732,0.2927485
1001733,-7.522894
1001734,-2.7090402
1001735,-6.3680806
1001736,-7.712773
1001737,-1.1401556
1001738,-5.011642
1001739,-6.393047
1001740,-4.211062
1001741,-8.618299
1001742,-3.9734802
1001743,-3.2395186
1001744,-2.4143038
1001745,-6.003609
1001746,-1.9358364
1001747,-3.899181
1001748,-2.7097673
1001749,-3.1758385
1001750,-7.5746765
1001751,-6.293156
1001752,-5.749881
1001753,-4.2574487
1001754,-5.399689
1001755,-7.5018153
1001756,-3.2186925
1001757,-5.5056634
1001758,-6.316734
1001759,-4.877388
1001760,-3.901952
1001761,-4.0643964
1001762,-7.787755
1001763,-1.8817002
1001764,-7.160203
1001765,-3.3968415
1001766,-6.5005145
1001767,-5.9939337
1001768,-3.892854
1001769,-4.291078
1001770,-7.2758718
1001771,-6.8817835
1001772,-5.3496523
1001773,-4.3873754
1001774,-1.8906907
1001775,-6.181657
1001776,0.7857858
1001777,-6.7034836
1001778,-2.8284771
1001779,-4.0362554
1001780,-2.4234715
1001781,-6.704256
1001782,-0.50779426
1001783,-6.9794436
1001784,-3.1867657
1001785,-0.9398621
1001786,-6.006619
1001787,-3.1600184
1001788,-2.2836275
1001789,0.9117172
1001790,-7.1875367
1001791,-3.510648
1001792,-5.620424
1001793,-3.3612869
1001794,-6.3973184
1001795,-3.8913527
1001796,-5.344921
1001797,-3.932273
1001798,-5.7633576
1001799,-4.484327
1001800,-4.6424174
1001801,-6.346604
1001802,-8.227342
1001803,-0.1082571
1001804,-4.0862803
1001805,-4.8696876
1001806,-6.024731
1001807,-3.22748
1001808,-4.5639925
1001809,-5.865692
1001810,-1.8924824
1001811,-3.740705
1001812,-7.2061744
1001813,-3.2757893
1001814,-5.656587
1001815,-2.2309191
1001816,-2.8637664
1001817,-4.189511
1001818,-5.254573
1001819,-1.919802
1001820,-7.2920074
1001821,-7.369114
1001822,-2.6698334
1001823,-5.0425434
1001824,-4.343807
1001825,-3.6429048
1001826,-3.6263576
1001827,-5.0669303
1001828,-1.6986911
1001829,-4.0368934
1001830,-7.4794426
1001831,-4.379841
1001832,-2.8142092
1001833,-2.437702
1001834,-2.5520067
1001835,1.1071244
1001836,-1.7036599
1001837,-3.9778786
1001838,-4.5574517
1001839,-3.9094503
1001840,-1.4299622
1001841,-6.459225
1001842,-1.1397663
1001843,-6.7943044
1001844,-2.3633153
1001845,-6.799127
1001846,-4.2896247
1001847,-7.097791
1001848,-7.463227
1001849,-7.410233
1001850,-1.8263891
1001851,-8.595711
1001852,-6.950774
1001853,-7.373133
1001854,-7.3702583
1001855,-3.402939
1001856,-5.312319
1001857,-4.6205616
1001858,-6.7131257
1001859,-5.853184
1001860,-3.6684043
1001861,-5.8732657
1001862,-3.941357
1001863,-5.752581
1001864,-5.1935043
1001865,-4.3570294
1001866,-8.258262
1001867,-5.3756757
1001868,-0.15755333
1001869,-4.17398
1001870,-2.362198
1001871,-6.7832904
1001872,-4.209349
1001873,-4.509368
1001874,-8.65197
1001875,-5.190801
1001876,-2.7259865
1001877,-3.1083586
1001878,-1.6216934
1001879,-6.875811
1001880,-4.96574
1001881,-8.924639
1001882,-5.000292
1001883,-3.8037043
1001884,-1.1975514
1001885,-8.252045
1001886,-6.349456
1001887,-4.9388723
1001888,-3.36881
1001889,-3.3794856
1001890,-7.9535213
1001891,-4.053911
1001892,-8.240342
1001893,-6.5481553
1001894,-2.5703056
1001895,-2.6564524
1001896,-4.527585
1001897,-6.3110714
1001898,-3.7583842
1001899,-6.074866
1001900,-1.2120012
1001901,-1.8191848
1001902,-3.9801092
1001903,-3.9609265
1001904,-8.3874445
1001905,-3.7665956
1001906,-7.7847695
1001907,-2.3713114
1001908,-1.6865047
1001909,-0.73263216
1001910,-3.3981616
1001911,-5.0540543
1001912,-5.9687324
1001913,-0.8803446
1001914,-5.7191067
1001915,-6.545063
1001916,-5.4962444
1001917,-4.8939724
1001918,-5.015619
1001919,-2.7925136
1001920,-8.828837
1001921,-2.775309
1001922,-1.4636079
1001923,-5.604955
1001924,-5.421759
1001925,-4.804535
1001926,-2.9245594
1001927,-5.765952
1001928,-6.6455364
1001929,-4.2407365
1001930,-6.5249724
1001931,-2.7564337
1001932,-5.8702946
1001933,-4.2915487
1001934,-4.504126
1001935,-0.3688538
1001936,-3.933281
1001937,-3.055613
1001938,-1.7303245
1001939,-4.1781197
1001940,-4.457746
1001941,-2.4632163
1001942,-6.4842105
1001943,-5.14899
1001944,-6.3809404
1001945,-7.1351366
1001946,-5.848502
1001947,-4.5729127
1001948,-2.1843162
1001949,-7.5517955
1001950,-4.513309
1001951,-5.2544456
1001952,-2.604162
1001953,-3.219802
1001954,-5.759708
1001955,-3.1685863
1001956,-3.346596
1001957,-3.7446995
1001958,-7.9257116
1001959,-0.8808998
1001960,-0.85331887
1001961,-2.0312512
1001962,-2.0260828
1001963,-4.633996
1001964,-6.8391013
1001965,-0.03748137
1001966,-2.1434424
1001967,-3.2912416
1001968,-1.7622555
1001969,-1.8566148
1001970,-2.5868301
1001971,-8.375575
1001972,-2.6661427
1001973,-3.4221375
1001974,-4.8993516
1001975,-3.6992073
1001976,-6.0488715
1001977,-5.9943833
1001978,-0.19116268
1001979,-5.4085817
1001980,-1.5280021
1001981,-0.38174304
1001982,-6.4091687
1001983,-4.174933
1001984,-2.4404123
1001985,-7.5022855
1001986,-5.474967
1001987,-3.470831
1001988,-4.9450727
1001989,-7.112029
1001990,-6.3921075
1001991,-7.47716
1001992,-3.4308054
1001993,-2.0948691
1001994,-5.9724746
1001995,-2.8353372
1001996,-6.4637704
1001997,-7.017935
1001998,-6.8302994
1001999,-3.1279135
1002000,-1.8806083
1002001,-4.6593084
1002002,-6.57084
1002003,-2.8238432
1002004,-4.256564
1002005,-5.3203287
1002006,-5.023648
1002007,-1.8829089
1002008,-1.9900713
1002009,-7.5087094
1002010,-3.7183907
1002011,-5.2805796
1002012,-4.362511
1002013,-6.129868
1002014,-1.8652996
1002015,-0.13069339
1002016,-4.267284
1002017,-3.3273985
1002018,-2.5216787
1002019,-0.07536928
1002020,-5.87301
1002021,-7.07443
1002022,-3.2549
1002023,-2.2436407
1002024,-6.3195944
1002025,-2.920864
1002026,-4.476024
1002027,-7.001466
1002028,-4.6667933
1002029,-7.804507
1002030,-1.6825306
1002031,-4.9500456
1002032,-3.0105178
1002033,-2.0655465
1002034,-2.4967065
1002035,-2.7039106
1002036,-5.4970794
1002037,-0.63573325
1002038,-8.351374
1002039,-7.5075417
1002040,-2.8893037
1002041,-3.6862395
1002042,-2.7492757
1002043,-5.805232
1002044,-5.877055
1002045,-2.0218077
1002046,-0.9441586
1002047,-1.8988276
1002048,-7.197126
1002049,-2.1152089
1002050,-2.872971
1002051,-2.8525498
1002052,-5.1756
1002053,-1.9212188
1002054,-1.8189609
1002055,-4.7937727
1002056,-8.22483
1002057,-2.648744
1002058,-4.106475
1002059,-5.3072896
1002060,-5.8878245
1002061,-3.8744407
1002062,-5.684948
1002063,-5.3851037
1002064,-5.246995
1002065,-0.7712036
1002066,-3.5289054
1002067,-4.1936255
1002068,-3.104331
1002069,-6.3616676
1002070,-4.324125
1002071,-0.58297837
1002072,-3.3908184
1002073,-3.319468
1002074,-4.7762346
1002075,-3.3188283
1002076,-4.8137927
1002077,-4.2544303
1002078,-3.2583995
1002079,-4.4791527
1002080,-8.983558
1002081,0.05047848
1002082,-7.416549
1002083,-3.2515867
1002084,-5.306838
1002085,-5.2753315
1002086,-2.1001282
1002087,-8.120751
1002088,-3.1652164
1002089,-4.9681406
1002090,-4.073658
1002091,-2.633287
1002092,-5.3754253
1002093,-2.9824743
1002094,-4.561985
1002095,-5.3239903
1002096,-1.6142564
1002097,-6.0746202
1002098,-8.460874
1002099,-7.1711116
1002100,-6.8099747
1002101,-2.8371434
1002102,-4.708485
1002103,-4.701258
1002104,-5.241802
1002105,-5.4313083
1002106,-3.609861
1002107,-3.5822055
1002108,-5.429037
1002109,-3.265815
1002110,-6.2004437
1002111,-3.892456
1002112,-7.227288
1002113,-8.293181
1002114,-2.2655516
1002115,-4.3792305
1002116,-5.6630917
1002117,-4.1189456
1002118,-4.0998697
1002119,-8.441322
1002120,-3.2861185
1002121,-6.1682243
1002122,-0.26728168
1002123,-7.3131895
1002124,-2.3246675
1002125,-1.1500045
1002126,-0.85216856
1002127,-5.9646645
1002128,-2.781091
1002129,-3.1987069
1002130,-3.8837078
1002131,-5.5452642
1002132,-4.160893
1002133,-1.4925127
1002134,-4.0397186
1002135,-3.1539779
1002136,-3.8366346
1002137,-2.2381556
1002138,-1.8925142
1002139,-3.1535895
1002140,-4.9644547
1002141,-5.6335793
1002142,-2.8926792
1002143,-2.7773945
1002144,-4.5719395
1002145,-3.7437797
1002146,-4.232165
1002147,-4.3061666
1002148,-6.380444
1002149,-0.85820425
1002150,-4.7894454
1002151,-5.683455
1002152,-2.4797213
1002153,-4.3287954
1002154,-1.9770076
1002155,-10.320784
1002156,-1.8918664
1002157,-2.7917557
1002158,-7.308153
1002159,-0.09613543
1002160,1.1549585
1002161,-6.333143
1002162,-3.2085996
1002163,-4.080676
1002164,-3.162466
1002165,-4.3848357
1002166,-5.361928
1002167,-5.7651157
1002168,-3.8476064
1002169,-7.8308153
1002170,-2.83285
1002171,-6.721929
1002172,-3.4529405
1002173,-6.587
1002174,-3.9509795
1002175,-3.7726223
1002176,-4.3488846
1002177,-3.6915197
1002178,-3.3525891
1002179,-3.7452884
1002180,-4.3649583
1002181,-1.0335836
1002182,-4.922115
1002183,-5.089714
1002184,-5.185623
1002185,-4.7178264
1002186,-1.6182051
1002187,-4.168612
1002188,-5.9622183
1002189,-4.6526732
1002190,-0.11981032
1002191,-7.087584
1002192,-8.587824
1002193,-2.6641886
1002194,-5.685235
1002195,-4.864657
1002196,-4.711242
1002197,-2.9216805
1002198,-2.232725
1002199,-8.080621
1002200,-3.7463367
1002201,-3.3331497
1002202,-1.8804456
1002203,-1.3883231
1002204,-5.600153
1002205,-6.3613815
1002206,-4.7574916
1002207,-2.4883652
1002208,-3.2693954
1002209,-4.8420396
1002210,-6.7184515
1002211,-3.4366722
1002212,-4.533119
1002213,-6.9761863
1002214,-3.1496053
1002215,-0.58548987
1002216,-0.22911416
1002217,-1.1444844
1002218,-6.3010144
1002219,-4.171436
1002220,-6.232361
1002221,-3.1950128
1002222,-3.2336507
1002223,-3.0125978
1002224,-4.9517093
1002225,-3.5312314
1002226,-6.147355
1002227,-4.8195333
1002228,-7.0154133
1002229,-4.24196
1002230,-2.266771
1002231,-2.6028464
1002232,-4.3523045
1002233,-2.332407
1002234,-4.430406
1002235,-6.0091357
1002236,-2.8358173
1002237,-2.6393442
1002238,-3.9087677
1002239,-2.1679163
1002240,-5.373242
1002241,-5.4403734
1002242,-7.4697504
1002243,-3.0252047
1002244,-4.2956877
1002245,-5.2202573
1002246,-4.990464
1002247,-6.5058146
1002248,-3.1501493
1002249,-1.0372179
1002250,-7.444733
1002251,-6.3930054
1002252,-5.7286353
1002253,-1.828208
1002254,-1.1865817
1002255,-2.0565002
1002256,-1.3957629
1002257,-2.5846581
1002258,-8.419885
1002259,-4.8682923
1002260,-3.8913085
1002261,-6.1376014
1002262,-3.1491985
1002263,-5.013348
1002264,-4.4238586
1002265,-6.6752043
1002266,-3.2342567
1002267,-2.755223
1002268,-7.0161233
1002269,-1.4343958
1002270,-1.3056365
1002271,-5.4268336
1002272,-3.5467818
1002273,-2.3929195
1002274,-6.298837
1002275,-2.0736694
1002276,-6.2628593
1002277,-4.253252
1002278,-3.817237
1002279,-5.0196176
1002280,-3.5029106
1002281,-4.4060445
1002282,-6.489639
1002283,-0.6393938
1002284,-6.2983685
1002285,-2.7016864
1002286,-3.1237974
1002287,-6.395515
1002288,-7.4074903
1002289,-7.612749
1002290,-3.119773
1002291,-0.9061259
1002292,-6.9656734
1002293,-2.3314726
1002294,-1.3183334
1002295,-4.5481253
1002296,0.5608033
1002297,-2.690139
1002298,-6.101706
1002299,-3.3242424
1002300,-4.6069
1002301,-2.2454379
1002302,-1.8226507
1002303,-6.743417
1002304,-7.283479
1002305,-4.340738
1002306,-4.1538415
1002307,-3.104831
1002308,-0.5483775
1002309,-5.4380293
1002310,-6.5860944
1002311,-4.507033
1002312,-6.031538
1002313,-4.0001698
1002314,-4.9483747
1002315,-8.667462
1002316,-3.4927447
1002317,-4.8609977
1002318,-5.859532
1002319,-2.9026604
1002320,-2.239036
1002321,-5.623822
1002322,-6.1624513
1002323,-6.8046803
1002324,-5.748342
1002325,-4.0867867
1002326,-5.741152
1002327,-4.1998887
1002328,-8.501525
1002329,-4.8969975
1002330,-7.218365
1002331,-2.6970904
1002332,-2.8637664
1002333,-3.688608
1002334,-1.9162514
1002335,-1.6298122
1002336,-6.366546
1002337,-4.6569014
1002338,1.5028845
1002339,-2.2232413
1002340,-3.5663629
1002341,-4.5934787
1002342,-3.4889057
1002343,-5.4153566
1002344,-7.802519
1002345,-3.4302633
1002346,-2.9044201
1002347,-6.5599184
1002348,-1.3649919
1002349,-5.8636594
1002350,-7.382526
1002351,-6.1635437
1002352,-3.2510543
1002353,-4.207775
1002354,-0.6814387
1002355,-2.4622235
1002356,-2.987452
1002357,-4.628062
1002358,-2.7029414
1002359,-4.201239
1002360,-6.1328754
1002361,-2.815926
1002362,-4.391066
1002363,-2.5387692
1002364,-4.3014293
1002365,-1.767897
1002366,-5.8106294
1002367,-6.6598735
1002368,-5.3901615
1002369,-6.731227
1002370,-1.0619891
1002371,-4.709111
1002372,0.45085385
1002373,-8.021568
1002374,-4.9771137
1002375,-0.74572855
1002376,-8.532109
1002377,-6.0275683
1002378,-3.826844
1002379,-3.7666779
1002380,-3.1747894
1002381,-5.7912116
1002382,-6.0680285
1002383,-3.8651886
1002384,-4.758448
1002385,-6.6825967
1002386,-4.4653306
1002387,-6.905601
1002388,-4.800738
1002389,-3.2981944
1002390,-3.6077373
1002391,-7.6101475
1002392,-3.8748116
1002393,-6.335497
1002394,-0.7866411
1002395,-3.5937467
1002396,-8.246762
1002397,-5.5432453
1002398,-4.4465046
1002399,-5.934831
1002400,-0.76229906
1002401,-2.372346
1002402,-6.4754786
1002403,-7.3752165
1002404,-2.579465
1002405,-4.790182
1002406,-2.8440895
1002407,-3.67672
1002408,-5.985331
1002409,-3.4162102
1002410,-2.618331
1002411,-1.9473507
1002412,-4.2501516
1002413,-6.6780167
1002414,-3.664606
1002415,-5.5200543
1002416,-1.4027725
1002417,-1.9523815
1002418,-3.0814464
1002419,-4.7243237
1002420,-4.1201506
1002421,-3.9477565
1002422,-4.287765
1002423,-5.806092
1002424,-4.237566
1002425,-6.270343
1002426,-6.4863806
1002427,-7.130655
1002428,-1.0885024
1002429,-7.463815
1002430,-4.6764793
1002431,-5.8613415
1002432,-3.8576624
1002433,-1.9261891
1002434,-8.327562
1002435,-7.58543
1002436,-2.8047242
1002437,-6.2446303
1002438,-1.6624484
1002439,-6.438932
1002440,-5.2147126
1002441,-2.1246529
1002442,-3.1667602
1002443,-1.7498236
1002444,-7.0020423
1002445,-1.203454
1002446,-3.7484102
1002447,-7.3131895
1002448,-5.638636
1002449,-2.2573683
1002450,-4.2821794
1002451,-5.7883763
1002452,-9.325024
1002453,-5.377362
1002454,-5.3895264
1002455,-6.0438666
1002456,-4.1248336
1002457,-1.5049832
1002458,-4.4658456
1002459,-4.0897694
1002460,-2.7577193
1002461,-5.8514524
1002462,-4.8989305
1002463,-4.9264054
1002464,-1.3766388
1002465,-5.3110466
1002466,-1.8715928
1002467,-3.373006
1002468,-2.3674524
1002469,-6.587
1002470,-4.1305876
1002471,-5.300789
1002472,-2.0158749
1002473,-3.7475648
1002474,-3.6735501
1002475,-5.8830147
1002476,-0.51601857
1002477,-4.7814107
1002478,-0.83440936
1002479,-4.8438463
1002480,-3.9721797
1002481,-2.0167944
1002482,-3.4288852
1002483,-3.5531454
1002484,-2.3636355
1002485,-2.3560972
1002486,-4.5218635
1002487,-0.69649136
1002488,-3.7876415
1002489,-5.521409
1002490,-7.7173433
1002491,-6.244484
1002492,-4.5298715
1002493,-1.684983
1002494,-3.4655108
1002495,-5.03951
1002496,-1.1201094
1002497,-4.1311364
1002498,-2.6731663
1002499,-7.5072346
1002500,-7.8613234
1002501,0.45488623
1002502,-5.9445176
1002503,-1.6649613
1002504,-3.309653
1002505,-2.0953224
1002506,-5.197248
1002507,-5.271033
1002508,-4.683371
1002509,-0.2555499
1002510,-2.477777
1002511,-6.5434604
1002512,-1.5556022
1002513,-2.7474678
1002514,-6.224475
1002515,-3.1001909
1002516,-6.5868435
1002517,-0.81175977
1002518,-2.3210351
1002519,-3.186351
1002520,-0.7596954
1002521,-4.1995087
1002522,-2.8863924
1002523,-3.252655
1002524,-4.9703364
1002525,-6.121504
1002526,-8.118729
1002527,-8.159997
1002528,-5.757968
1002529,-1.949467
1002530,-1.4733621
1002531,-2.5458133
1002532,-3.9003434
1002533,-5.9583163
1002534,-6.593787
1002535,-5.9193163
1002536,-2.1007946
1002537,-4.8195333
1002538,-3.0103273
1002539,-3.846688
1002540,-6.1127625
1002541,-0.19389383
1002542,-8.108886
1002543,-6.0646377
1002544,-3.5663836
1002545,-0.34216848
1002546,-7.155441
1002547,-4.264723
1002548,-5.1679187
1002549,-3.514809
1002550,-4.2266893
1002551,-7.850439
1002552,-3.9727268
1002553,-5.7646456
1002554,-2.786728
1002555,-4.423455
1002556,-2.2844145
1002557,-3.437412
1002558,-4.0923553
1002559,-6.763438
1002560,-2.5044017
1002561,-4.484583
1002562,0.37946287
1002563,-1.6347355
1002564,-3.597798
1002565,-5.272397
1002566,-0.8853254
1002567,-5.462649
1002568,-6.3336864
1002569,-6.99781
1002570,-3.3848274
1002571,-1.3851995
1002572,-4.533066
1002573,-5.360669
1002574,-2.6418087
1002575,-5.2577944
1002576,-2.8113189
1002577,-4.604812
1002578,-5.7720556
1002579,-0.6827491
1002580,-5.129871
1002581,-4.62127
1002582,-2.077328
1002583,-7.916003
1002584,-6.5760303
1002585,-2.8158503
1002586,-5.3243546
1002587,-4.865378
1002588,-3.0707529
1002589,-5.149169
1002590,-4.329294
1002591,-5.0645247
1002592,-6.868046
1002593,-7.0691576
1002594,-2.8106587
1002595,-4.03934
1002596,-2.763898
1002597,-6.7451544
1002598,-3.7665956
1002599,-5.0697355
1002600,-5.2055764
1002601,-1.5726177
1002602,-7.283143
1002603,-6.105527
1002604,-7.1660066
1002605,-3.5555859
1002606,-6.675452
1002607,-0.9384257
1002608,-2.6727505
1002609,-4.0907497
1002610,-4.308982
1002611,-3.7863152
1002612,-7.0509114
1002613,-2.9532182
1002614,-3.1880312
1002615,-1.9393733
1002616,-1.783256
1002617,-6.9788194
1002618,-3.0854251
1002619,-2.7592278
1002620,-4.1926446
1002621,-1.0570419
1002622,-5.03406
1002623,-6.6868
1002624,-3.6826675
1002625,-3.4358623
1002626,0.5325074
1002627,-6.968468
1002628,-6.8015776
1002629,-7.9460855
1002630,-3.8438697
1002631,-2.9030821
1002632,-8.517261
1002633,-4.6736164
1002634,-0.96739435
1002635,-1.2727138
1002636,-6.12276
1002637,-3.7013557
1002638,-0.7414267
1002639,-5.8443656
1002640,-7.204165
1002641,-7.2464943
1002642,-3.4340775
1002643,-3.4915755
1002644,-3.622684
1002645,-5.9045124
1002646,-1.5588865
1002647,-1.2915108
1002648,-4.9370904
1002649,-1.4848005
1002650,-2.1784692
1002651,-2.4820645
1002652,-8.108886
1002653,-1.1986188
1002654,-2.5441895
1002655,-3.360143
1002656,-6.3971825
1002657,-7.9004264
1002658,-6.8795652
1002659,-4.2041645
1002660,-3.5399132
1002661,-5.016073
1002662,-5.5606456
1002663,-3.8457408
1002664,-2.3109345
1002665,-7.5013995
1002666,-8.026914
1002667,-3.0427692
1002668,-3.12182
1002669,-6.2799473
1002670,-1.8345459
1002671,-4.706609
1002672,-1.4948138
1002673,-2.2201462
1002674,-4.2144737
1002675,-5.6587987
1002676,0.01203558
1002677,-3.5064032
1002678,-7.4525228
1002679,-2.6264954
1002680,-4.207393
1002681,-3.1868517
1002682,-9.624696
1002683,-4.8858857
1002684,-5.792157
1002685,1.5649717
1002686,-6.828718
1002687,-5.8893547
1002688,-0.58521724
1002689,-2.063842
1002690,1.644755
1002691,-5.9072886
1002692,-7.360178
1002693,-6.0607896
1002694,-3.9805176
1002695,-5.166453
1002696,-1.657555
1002697,-6.5720453
1002698,-6.378738
1002699,-8.078843
1002700,-5.9806323
1002701,-2.8598392
1002702,-3.652944
1002703,0.5048636
1002704,-5.401971
1002705,-5.32513
1002706,-4.015313
1002707,-7.5032716
1002708,-7.3527527
1002709,-1.1156209
1002710,-2.601614
1002711,-7.567032
1002712,-6.7672763
1002713,-2.504203
1002714,-3.009237
1002715,1.9158863
1002716,-7.794493
1002717,0.5560764
1002718,-5.630024
1002719,-5.0822554
1002720,-2.4389045
1002721,-8.218507
1002722,-3.1009624
1002723,-7.8478947
1002724,-3.1802657
1002725,-7.0657167
1002726,-3.3317728
1002727,1.3270391
1002728,-0.28374964
1002729,-4.495016
1002730,-6.8707767
1002731,-4.9550557
1002732,-6.2194967
1002733,-4.885069
1002734,-2.7186306
1002735,-5.501225
1002736,-2.1134796
1002737,-1.6189936
1002738,-1.5603997
1002739,-5.421272
1002740,-2.8369353
1002741,-4.8615265
1002742,-7.4589133
1002743,-3.9087422
1002744,-3.3661482
1002745,-1.1629338
1002746,-3.716499
1002747,-1.3610919
1002748,-4.8330564
1002749,-1.6195502
1002750,-3.15814
1002751,-0.9966479
1002752,-6.4244475
1002753,-7.398454
1002754,-8.783505
1002755,-1.3327821
1002756,-4.4627533
1002757,-3.6079452
1002758,-2.964466
1002759,-6.27625
1002760,-3.288964
1002761,-6.231061
1002762,-3.262316
1002763,-2.9944081
1002764,-5.928305
1002765,-4.2580056
1002766,-2.8825645
1002767,-6.788029
1002768,-4.141126
1002769,-0.9915581
1002770,-6.0508866
1002771,-0.42479345
1002772,-5.822135
1002773,-3.2381027
1002774,-1.6005063
1002775,-3.7886863
1002776,-1.2541767
1002777,-6.800015
1002778,-2.0643072
1002779,-1.3270352
1002780,-5.1261396
1002781,-3.5544975
1002782,-5.7067556
1002783,-7.539924
1002784,-5.2316933
1002785,-2.2145445
1002786,-8.199378
1002787,-5.1069684
1002788,0.8308021
1002789,-3.1512647
1002790,-7.709795
1002791,-3.6365106
1002792,-6.0545235
1002793,-4.810501
1002794,-6.2973213
1002795,-6.8952107
1002796,-4.6297374
1002797,-6.1655564
1002798,-6.326375
1002799,-6.96615
1002800,-0.715032
1002801,-3.8249743
1002802,-6.231757
1002803,-5.04707
1002804,-3.4422133
1002805,-3.797022
1002806,-6.1412487
1002807,-6.075501
1002808,-7.788535
1002809,-1.0733941
1002810,-6.1528788
1002811,-3.9361181
1002812,-3.6224792
1002813,-3.375951
1002814,-0.56803226
1002815,-1.2981476
1002816,-4.299643
1002817,-7.0775743
1002818,-1.8234919
1002819,-1.2673603
1002820,-3.5893798
1002821,-4.3806877
1002822,-4.6966925
1002823,-7.922539
1002824,-3.293379
1002825,0.12878723
1002826,-4.7070456
1002827,-4.604757
1002828,-1.1353024
1002829,-5.949265
1002830,-1.7651018
1002831,-5.206671
1002832,-5.9294
1002833,-4.5264306
1002834,-2.7375903
1002835,-3.1162558
1002836,-7.6048365
1002837,-7.3779783
1002838,-3.1328554
1002839,-4.6717167
1002840,-4.504927
1002841,-5.2586746
1002842,-3.205209
1002843,-7.0849442
1002844,-2.4691122
1002845,-5.4469213
1002846,-8.059439
1002847,-2.5455709
1002848,-7.459124
1002849,-6.6651144
1002850,-5.9527826
1002851,-0.6500268
1002852,-5.072582
1002853,-7.384394
1002854,-5.966418
1002855,-3.9399812
1002856,-4.650693
1002857,1.0593767
1002858,-6.5168486
1002859,-4.3045197
1002860,-5.3795657
1002861,-7.2228537
1002862,-7.202294
1002863,-4.637068
1002864,-8.414206
1002865,-6.8028874
1002866,-3.8951993
1002867,-5.4366546
1002868,-1.6132921
1002869,-8.240497
1002870,-7.6553183
1002871,-5.930303
1002872,-5.159748
1002873,-2.8099883
1002874,-5.9687324
1002875,-5.511883
1002876,-3.027671
1002877,-1.3437349
1002878,-1.5447111
1002879,-6.084145
1002880,-7.6177387
1002881,-4.2073107
1002882,-2.86015
1002883,-5.2661605
1002884,-7.637842
1002885,-7.630324
1002886,-6.4060187
1002887,-3.5616374
1002888,-3.8388555
1002889,-3.5945914
1002890,-4.925748
1002891,-1.1661383
1002892,-4.7364697
1002893,-3.9030962
1002894,-5.4067802
1002895,-5.055774
1002896,-5.67565
1002897,-2.6308367
1002898,-3.9999607
1002899,-2.0067132
1002900,-4.5511518
1002901,-3.9087422
1002902,-3.9813273
1002903,-3.9488444
1002904,-4.9132934
1002905,-4.494197
1002906,-7.848222
1002907,-4.86327
1002908,-4.365314
1002909,-3.3021808
1002910,-4.098868
1002911,-0.83409846
1002912,-4.930398
1002913,-3.9044187
1002914,-3.7702546
1002915,-4.125904
1002916,-5.009327
1002917,-3.9271746
1002918,-7.5389733
1002919,-5.7375455
1002920,-1.5863031
1002921,-3.038016
1002922,-7.6776514
1002923,-3.842664
1002924,-7.721188
1002925,-2.8705952
1002926,-5.293092
1002927,-3.4867542
1002928,-0.24846794
1002929,-1.6739947
1002930,-3.4410064
1002931,-1.1636381
1002932,-7.330866
1002933,-3.183245
1002934,-1.2247845
1002935,-4.1503634
1002936,-8.287375
1002937,-6.812594
1002938,-3.5945914
1002939,-4.162643
1002940,-3.9953887
1002941,-4.151727
1002942,-5.794285
1002943,-4.657228
1002944,-6.0841274
1002945,-6.3255024
1002946,-2.673322
1002947,-4.313227
1002948,-8.711363
1002949,-6.031538
1002950,-4.3061666
1002951,-6.8011947
1002952,-3.7289922
1002953,-7.77345
1002954,-5.080803
1002955,-6.7523437
1002956,-0.38164076
1002957,-3.0692163
1002958,-4.5366955
1002959,-1.4544979
1002960,-1.870782
1002961,-0.674555
1002962,-5.10615
1002963,-2.1349554
1002964,-6.3484073
1002965,-6.623645
1002966,-2.0923083
1002967,-1.9156032
1002968,-2.2535894
1002969,-7.155621
1002970,0.051576793
1002971,-5.446542
1002972,-7.9505754
1002973,-6.199742
1002974,-7.403325
1002975,-5.0639744
1002976,-0.9211198
1002977,-6.6156497
1002978,-5.277485
1002979,-4.036225
1002980,-4.768572
1002981,-0.8759067
1002982,-3.3760755
1002983,-6.6796436
1002984,-4.5790973
1002985,-4.6628113
1002986,-3.229413
1002987,-6.234316
1002988,-2.2771297
1002989,-0.3158655
1002990,-5.552443
1002991,-6.327061
1002992,-7.1367073
1002993,-8.568445
1002994,-0.117410764
1002995,-2.3485513
1002996,-4.0270367
1002997,-5.4498043
1002998,-2.3009138
1002999,-4.000171
1003000,-7.744237
1003001,-5.720752
1003002,-2.5364707
1003003,-4.321702
1003004,-3.2429323
1003005,-3.9279857
1003006,-6.390038
1003007,-4.772407
1003008,-2.4878345
1003009,-7.7062845
1003010,-5.910849
1003011,-6.7647834
1003012,-3.128278
1003013,-5.858129
1003014,-5.064538
1003015,-5.0324917
1003016,-2.2543428
1003017,-6.048063
1003018,-2.573308
1003019,-5.671012
1003020,-1.3320218
1003021,-6.9913726
1003022,-3.3661482
1003023,-1.1167227
1003024,-3.6131904
1003025,-7.5327134
1003026,-1.2261298
1003027,-5.0104356
1003028,-6.75977
1003029,-3.3432055
1003030,-7.7451134
1003031,-5.182791
1003032,-1.64324
1003033,-1.8245031
1003034,-0.8501747
1003035,-6.5561485
1003036,-2.5629745
1003037,-7.21657
1003038,-3.2098286
1003039,-1.9409693
1003040,-1.8344704
1003041,-2.9909406
1003042,-7.3262553
1003043,-1.4663069
1003044,-8.471057
1003045,-4.1048765
1003046,-7.6173844
1003047,-3.558264
1003048,-9.133987
1003049,-5.4572616
1003050,-2.2527416
1003051,-7.6177387
1003052,-6.031538
1003053,-1.2255698
1003054,-3.7118402
1003055,-1.7784495
1003056,-1.2933844
1003057,-0.744936
1003058,-3.6623788
1003059,-5.0920563
1003060,-7.8570623
1003061,-3.476552
1003062,-5.4572616
1003063,-4.6191835
1003064,-5.4456406
1003065,-2.7921746
1003066,-5.0822763
1003067,-1.5686601
1003068,-7.7507286
1003069,-5.587839
1003070,-4.5953293
1003071,-5.812632
1003072,-4.5644326
1003073,-8.626967
1003074,-7.420131
1003075,-0.5933641
1003076,-8.218432
1003077,-5.645756
1003078,-0.5015273
1003079,-6.0573034
1003080,-2.8656292
1003081,-0.9742637
1003082,-2.8841357
1003083,-7.4184084
1003084,-5.0730095
1003085,-7.3545675
1003086,-6.0218773
1003087,-2.6239188
1003088,-2.1500194
1003089,-4.687342
1003090,-1.0534333
1003091,-1.5306557
1003092,0.958548
1003093,-4.110162
1003094,-4.997018
1003095,-6.642574
1003096,-3.1980722
1003097,-1.9519256
1003098,-0.34783337
1003099,-2.4395106
1003100,-1.9610491
1003101,-6.510707
1003102,-7.156647
1003103,-5.576067
1003104,-6.3618646
1003105,-1.5938053
1003106,-7.8289437
1003107,-6.3039703
1003108,-4.8699045
1003109,-7.0554366
1003110,-6.65706
1003111,-6.3124695
1003112,-1.4491333
1003113,-0.020731147
1003114,-7.8481
1003115,-4.7528467
1003116,-2.2797747
1003117,-5.889139
1003118,-4.3253508
1003119,-7.1893005
1003120,-4.5105467
1003121,-6.601777
1003122,-0.9824238
1003123,-2.931815
1003124,-9.3998995
1003125,-4.019493
1003126,-3.9887106
1003127,-6.0850787
1003128,-7.07933
1003129,-2.368856
1003130,-4.242809
1003131,-3.3519156
1003132,-5.654396
1003133,-5.9892216
1003134,-3.9344563
1003135,-0.5209678
1003136,-4.072821
1003137,-3.6680787
1003138,-0.16945107
1003139,-1.4059054
1003140,-3.8354025
1003141,-4.164106
1003142,-4.16171
1003143,-4.088701
1003144,-0.36559206
1003145,-4.4105825
1003146,-0.0009294786
1003147,-7.374598
1003148,-5.7188396
1003149,-4.201427
1003150,-2.6306365
1003151,-2.8633528
1003152,-3.8362093
1003153,-5.5931063
1003154,-7.4334073
1003155,-3.3570707
1003156,-6.8640156
1003157,-2.8766294
1003158,-7.4357996
1003159,-3.8259752
1003160,-4.3030744
1003161,-2.43763
1003162,-2.8083854
1003163,-3.4854057
1003164,-7.3997984
1003165,-0.86961156
1003166,-2.2585135
1003167,-1.5850266
1003168,-7.6077366
1003169,-5.275538
1003170,-2.0783904
1003171,-7.8595586
1003172,-3.3801763
1003173,-4.3537493
1003174,-6.3256407
1003175,-3.9258802
1003176,-2.9074988
1003177,-1.6828978
1003178,-4.7263393
1003179,-2.9288597
1003180,-6.4811244
1003181,-3.6705718
1003182,-5.4348335
1003183,-4.726386
1003184,-2.698812
1003185,-5.281008
1003186,-5.711734
1003187,-7.876003
1003188,-6.547378
1003189,-7.869083
1003190,-8.721295
1003191,-0.46547344
1003192,-2.98771
1003193,-8.456122
1003194,-1.5421568
1003195,-5.8652983
1003196,-6.7360115
1003197,-3.6368103
1003198,-3.0726244
1003199,-6.8392587
1003200,-5.5158305
1003201,-5.704074
1003202,-4.394852
1003203,-6.128145
1003204,-8.8319025
1003205,-2.3630295
1003206,-6.359666
1003207,-6.737117
1003208,-4.6676226
1003209,-0.9354738
1003210,-3.558655
1003211,-1.8639522
1003212,-2.7195313
1003213,-0.025528364
1003214,-0.5695562
1003215,-3.797022
1003216,-4.01691
1003217,-2.7734349
1003218,-1.8620125
1003219,-4.987752
1003220,-2.896425
1003221,-7.4761577
1003222,-1.9840962
1003223,-4.695202
1003224,-2.7196069
1003225,-3.5945287
1003226,-3.4634688
1003227,-5.97019
1003228,-4.0921116
1003229,-4.813598
1003230,-6.231061
1003231,-1.184206
1003232,-2.4081185
1003233,-3.720053
1003234,-2.4194527
1003235,-4.8864374
1003236,-4.961266
1003237,-6.918028
1003238,-4.43037
1003239,-4.575981
1003240,-7.726349
1003241,-3.9222894
1003242,-4.2975774
1003243,-3.0068932
1003244,0.62248933
1003245,-1.4194564
1003246,-1.3743476
1003247,-4.93095
1003248,-1.0595601
1003249,-6.0494523
1003250,-1.314335
1003251,-4.97879
1003252,-0.46519083
1003253,-4.2568493
1003254,-7.577136
1003255,-4.662571
1003256,-6.9356027
1003257,-2.0185058
1003258,-5.136601
1003259,-3.529072
1003260,-3.313808
1003261,-2.907507
1003262,-0.08480961
1003263,-7.529342
1003264,-5.2355714
1003265,-4.080001
1003266,-4.7294235
1003267,-0.5430709
1003268,-5.5505476
1003269,-5.1821394
1003270,-3.078164
1003271,-2.973155
1003272,-1.7918522
1003273,-3.9452672
1003274,-9.77034
1003275,-6.018506
1003276,-3.3540065
1003277,-3.7653124
1003278,-2.5451157
1003279,-7.8007793
1003280,-3.7699344
1003281,-4.98352
1003282,-3.3739645
1003283,-5.369232
1003284,-2.7072773
1003285,-3.3032272
1003286,-1.0829141
1003287,-6.3440247
1003288,-5.9102607
1003289,-3.6526074
1003290,-1.7994875
1003291,-4.86034
1003292,-4.811456
1003293,-4.079724
1003294,-5.1104064
1003295,-0.9922406
1003296,-6.3404336
1003297,-2.065291
1003298,-5.5729337
1003299,-4.412812
1003300,-1.6142564
1003301,-1.739349
1003302,-0.91657007
1003303,-4.8891354
1003304,0.2491144
1003305,-6.521768
1003306,-4.769718
1003307,-6.9021764
1003308,-5.610761
1003309,-3.2276525
1003310,-2.2242618
1003311,-2.004268
1003312,-2.6950355
1003313,-3.779476
1003314,-5.294947
1003315,-3.7965047
1003316,-5.14555
1003317,-1.0646611
1003318,-1.5830202
1003319,-2.077729
1003320,-8.1236315
1003321,-4.34687
1003322,-7.133144
1003323,-5.1011686
1003324,-2.4820645
1003325,-3.8257797
1003326,-1.9662076
1003327,-3.2483788
1003328,-7.7911
1003329,-0.744936
1003330,-3.691051
1003331,-6.6193137
1003332,-1.7821288
1003333,-1.8908279
1003334,-6.059581
1003335,-5.528616
1003336,-5.594108
1003337,-5.421272
1003338,-4.161121
1003339,-7.284028
1003340,-3.5031085
1003341,-3.045341
1003342,-7.3131895
1003343,-3.2494993
1003344,-8.625128
1003345,-2.520219
1003346,-2.457491
1003347,-3.5126035
1003348,-3.4847114
1003349,-0.5935592
1003350,-4.5273857
1003351,-5.010618
1003352,-2.7822795
1003353,-2.3503618
1003354,-2.493696
1003355,-1.1022851
1003356,-5.798916
1003357,-1.5119095
1003358,-5.666995
1003359,-3.2405717
1003360,0.91191626
1003361,-2.4452858
1003362,-2.8023276
1003363,-3.645402
1003364,-6.39235
1003365,-2.215196
1003366,-2.8826551
1003367,-7.6902757
1003368,-3.5578454
1003369,-5.947447
1003370,-1.9817829
1003371,-5.3244824
1003372,-2.4134095
1003373,-4.242947
1003374,-5.0681505
1003375,-3.467116
1003376,-4.224948
1003377,-6.307356
1003378,-2.9010491
1003379,-3.2763078
1003380,-4.7823677
1003381,-7.4867454
1003382,-9.26345
1003383,-2.7239616
1003384,-5.449626
1003385,-9.216783
1003386,-0.86743194
1003387,-4.185306
1003388,-5.799237
1003389,-3.617202
1003390,-5.909253
1003391,-4.2069187
1003392,-3.0000708
1003393,-0.117410764
1003394,-3.466032
1003395,-2.7674127
1003396,-3.3321416
1003397,-2.6276636
1003398,-3.1117442
1003399,-2.2841446
1003400,-7.393897
1003401,-2.862154
1003402,-7.4374113
1003403,-5.859954
1003404,-3.308758
1003405,-4.5909867
1003406,-6.5002575
1003407,-1.1428952
1003408,-1.6277673
1003409,-4.6633205
1003410,-3.4023285
1003411,-5.8267035
1003412,-4.0221233
1003413,-5.056855
1003414,-6.3966618
1003415,-1.6658877
1003416,-4.050227
1003417,-2.42936
1003418,-2.9410422
1003419,-4.1363273
1003420,-7.0943446
1003421,-5.0894814
1003422,-1.133002
1003423,-3.9509795
1003424,-2.1857584
1003425,-3.827914
1003426,-3.8857036
1003427,-5.4521785
1003428,-6.3531675
1003429,-3.122021
1003430,-8.468263
1003431,-8.4150305
1003432,-2.960722
1003433,-4.0746474
1003434,-6.676236
1003435,-4.1052227
1003436,-8.690449
1003437,-2.837045
1003438,-6.144596
1003439,-2.9146879
1003440,-4.330852
1003441,-2.354008
1003442,-2.6371548
1003443,-7.0636587
1003444,-3.9390118
1003445,-0.59171516
1003446,-6.775963
1003447,-1.2779033
1003448,-7.3293
1003449,-5.753615
1003450,-3.0220985
1003451,-6.0060506
1003452,-3.2944245
1003453,-3.405074
1003454,-5.9606605
1003455,-5.725623
1003456,-3.0040042
1003457,-3.1368766
1003458,-5.32356
1003459,-6.5868435
1003460,-3.5756254
1003461,-3.2158065
1003462,-7.03306
1003463,-6.76559
1003464,-6.9050803
1003465,-6.560842
1003466,-8.372154
1003467,-0.9493793
1003468,-6.200229
1003469,-3.9487057
1003470,-5.0949707
1003471,-4.4327235
1003472,-7.3419933
1003473,-5.2934833
1003474,-5.7396526
1003475,-2.9610894
1003476,-1.1116757
1003477,-7.0277295
1003478,-5.1557155
1003479,-9.10437
1003480,-1.9028215
1003481,-3.9825835
1003482,-1.4295605
1003483,-3.985229
1003484,-3.1271815
1003485,-2.377596
1003486,-4.6860943
1003487,-4.397766
1003488,-0.26259613
1003489,-6.087706
1003490,-6.4153905
1003491,-5.219507
1003492,-4.3465257
1003493,-2.4844756
1003494,-7.226383
1003495,-3.9452534
1003496,-4.49788
1003497,-2.6006682
1003498,-6.3214483
1003499,-1.5164114
1003500,-8.940816
1003501,-3.052199
1003502,-0.69504404
1003503,-3.5141244
1003504,-6.9398804
1003505,-5.310159
1003506,-7.090959
1003507,-6.126178
1003508,-7.238001
1003509,-5.4641557
1003510,-2.1165073
1003511,-3.861247
1003512,-1.0288835
1003513,-7.447218
1003514,-3.9217098
1003515,-6.939261
1003516,-2.2354727
1003517,-4.634095
1003518,-3.5857499
1003519,-3.689737
1003520,-4.3335676
1003521,-7.634567
1003522,-3.6606238
1003523,-3.5663836
1003524,-0.48975357
1003525,-5.0365815
1003526,-5.519295
1003527,-5.3995333
1003528,-2.5912645
1003529,-3.144407
1003530,-3.471596
1003531,-4.379942
1003532,-1.1389221
1003533,-6.532488
1003534,-1.5898985
1003535,-5.136583
1003536,-6.424496
1003537,-3.9509795
1003538,-0.28676975
1003539,-3.2719064
1003540,-0.96570754
1003541,-5.0059404
1003542,-3.409614
1003543,-6.0656343
1003544,-7.0194845
1003545,-4.5309887
1003546,-3.4056504
1003547,-6.403071
1003548,-3.274988
1003549,-3.3845549
1003550,-2.520349
1003551,-1.051956
1003552,-3.9705827
1003553,-4.2471223
1003554,-3.9789412
1003555,-2.6874826
1003556,-2.4731119
1003557,0.22515148
1003558,-1.3352358
1003559,-1.7667722
1003560,-0.6707824
1003561,-0.9028874
1003562,-5.9825296
1003563,-1.3606558
1003564,-7.2431107
1003565,-2.7453306
1003566,-7.7662497
1003567,0.34204614
1003568,-4.8106904
1003569,0.110548176
1003570,-1.7020913
1003571,-2.9464576
1003572,-1.0518006
1003573,-5.423607
1003574,-5.459986
1003575,-4.522326
1003576,-5.377916
1003577,-2.4621422
1003578,-5.6660533
1003579,-4.299574
1003580,-2.0850446
1003581,-3.9822824
1003582,-4.6588893
1003583,-3.1041713
1003584,-0.86733156
1003585,-3.7392657
1003586,-3.8780591
1003587,-4.548777
1003588,-6.9925976
1003589,-2.0094578
1003590,-3.7790093
1003591,-4.325924
1003592,-8.419891
1003593,-2.2318416
1003594,-4.8010287
1003595,-2.0142708
1003596,-6.896603
1003597,-4.1772776
1003598,-4.63596
1003599,-4.170305
1003600,-7.2628164
1003601,-7.110665
1003602,-0.20522425
1003603,-6.302903
1003604,-1.4915076
1003605,-3.4306245
1003606,-2.9677045
1003607,-1.3531594
1003608,-4.558639
1003609,-7.414775
1003610,-2.819269
1003611,-8.383445
1003612,-4.9236646
1003613,-1.111479
1003614,-6.379803
1003615,-5.1836915
1003616,-5.0778537
1003617,-3.4695408
1003618,-8.48839
1003619,-5.863785
1003620,-1.3472959
1003621,-3.1328273
1003622,-6.523548
1003623,-7.407304
1003624,-2.5475833
1003625,-6.98801
1003626,-7.231525
1003627,-3.7530756
1003628,-4.197125
1003629,-1.822494
1003630,-5.0163903
1003631,-4.004057
1003632,-7.1416407
1003633,-5.387245
1003634,-0.9890602
1003635,-1.8080696
1003636,-2.227441
1003637,-2.8684173
1003638,-4.548426
1003639,-4.8977485
1003640,-0.6986512
1003641,-0.38205254
1003642,-3.1563654
1003643,-3.4346929
1003644,-5.7208323
1003645,-5.5562067
1003646,-3.14109
1003647,-6.7205296
1003648,-4.4124494
1003649,-2.596625
1003650,-2.8716016
1003651,-2.749233
1003652,-2.9073675
1003653,-5.182221
1003654,-7.8181896
1003655,-4.5269365
1003656,-7.4121056
1003657,-6.485946
1003658,-4.6080837
1003659,-1.8990935
1003660,-3.5332491
1003661,-3.391754
1003662,-6.808821
1003663,-2.6934426
1003664,-2.2076242
1003665,-6.71927
1003666,-0.3379892
1003667,-1.7139474
1003668,-7.978672
1003669,-5.64898
1003670,-1.6782423
1003671,-5.2287645
1003672,-0.85677564
1003673,-1.176379
1003674,-1.8395965
1003675,-4.3427787
1003676,-6.529606
1003677,-1.6372329
1003678,-5.692481
1003679,-2.8874345
1003680,-2.0096521
1003681,-2.532078
1003682,-4.0054703
1003683,-5.881315
1003684,-6.410799
1003685,-3.2920356
1003686,-7.132984
1003687,-1.7178534
1003688,-6.151709
1003689,-4.7814107
1003690,-5.892185
1003691,-2.0564647
1003692,-6.4229746
1003693,-3.0922806
1003694,-3.04001
1003695,-7.7480974
1003696,-4.1015725
1003697,-3.8073485
1003698,-6.003149
1003699,-3.1291502
1003700,-2.3367536
1003701,-2.2373233
1003702,-4.7483044
1003703,-5.397898
1003704,-4.616681
1003705,-5.832774
1003706,-2.9518654
1003707,-5.312722
1003708,-7.122896
1003709,-3.8770235
1003710,-5.105367
1003711,-6.029181
1003712,-1.3703804
1003713,-5.3609076
1003714,-1.853101
1003715,-5.870007
1003716,-7.6804223
1003717,-6.23491
1003718,-6.0061483
1003719,-3.7171137
1003720,-5.015181
1003721,-3.3249733
1003722,-4.648622
1003723,-1.5109454
1003724,-2.3405724
1003725,-7.851314
1003726,-3.5812166
1003727,-5.8261414
1003728,-6.032116
1003729,-1.460068
1003730,-3.915629
1003731,-4.3843136
1003732,-1.8791313
1003733,-2.216069
1003734,-2.1678162
1003735,-2.3833172
1003736,-9.393094
1003737,-4.04845
1003738,-3.0471585
1003739,-7.774462
1003740,-4.647537
1003741,-1.7433622
1003742,-2.115198
1003743,-7.1696496
1003744,-5.048776
1003745,-2.8371272
1003746,-6.6655264
1003747,-5.2975245
1003748,-4.6789265
1003749,-2.3732681
1003750,-0.16068104
1003751,-5.853067
1003752,-6.3964047
1003753,-3.3058102
1003754,-3.4982727
1003755,-3.3807828
1003756,-3.8983681
1003757,-5.5059075
1003758,-9.157191
1003759,-3.2643845
1003760,-0.3620888
1003761,-4.0262914
1003762,-5.9745393
1003763,-3.4600441
1003764,-2.0880415
1003765,-5.547144
1003766,-3.8891675
1003767,-3.608578
1003768,-1.4941075
1003769,-2.953705
1003770,-3.712799
1003771,-3.7532682
1003772,-3.1848361
1003773,-6.392814
1003774,-5.4303894
1003775,-1.279052
1003776,-0.24925607
1003777,-1.7794253
1003778,-6.9651656
1003779,-4.0438905
1003780,-1.3136083
1003781,-1.5845419
1003782,-3.397948
1003783,-0.70502
1003784,-4.1542454
1003785,-4.4693837
1003786,-3.948879
1003787,-2.328105
1003788,-7.017237
1003789,-1.9444796
1003790,-1.2166696
1003791,-3.6431768
1003792,-7.5005994
1003793,-6.8243327
1003794,-1.0066392
1003795,-7.775314
1003796,-6.609157
1003797,-5.8103065
1003798,0.46350956
1003799,-2.2644424
1003800,-3.2920506
1003801,-3.229115
1003802,-5.2674146
1003803,-2.7628853
1003804,-9.557708
1003805,-8.172418
1003806,-4.9671783
1003807,-2.6674974
1003808,-2.6380763
1003809,-5.6343293
1003810,-2.6409845
1003811,-1.6300288
1003812,-6.1878
1003813,-7.3158555
1003814,-7.312707
1003815,-3.2089684
1003816,-2.238471
1003817,-3.4027452
1003818,-5.6129704
1003819,-3.549073
1003820,-4.406242
1003821,-6.8142753
1003822,-3.8487232
1003823,-9.187664
1003824,-4.2802086
1003825,-5.7436447
1003826,-4.824177
1003827,-3.1845698
1003828,-5.5749607
1003829,-3.910215
1003830,-5.0405107
1003831,-7.4113355
1003832,-3.2172322
1003833,-4.5856338
1003834,-2.8881264
1003835,-2.1031349
1003836,-7.0830097
1003837,-4.7453938
1003838,-0.008705305
1003839,-3.8865063
1003840,-6.677238
1003841,-2.688546
1003842,-3.6318474
1003843,-8.076554
1003844,-2.9844048
1003845,-2.8843174
1003846,-6.8910117
1003847,-2.6829836
1003848,-4.2672668
1003849,-4.956813
1003850,-6.7365317
1003851,-0.78572947
1003852,-2.3645422
1003853,-4.364206
1003854,-3.1401238
1003855,-6.1200933
1003856,-7.0423427
1003857,-4.6648307
1003858,-5.3768935
1003859,-5.4202285
1003860,-8.057645
1003861,-2.793763
1003862,-1.1108353
1003863,-7.3612533
1003864,-0.7603914
1003865,-1.121013
1003866,-1.9109082
1003867,-2.7283974
1003868,-3.0737147
1003869,-7.3850217
1003870,-3.337069
1003871,-8.006133
1003872,-6.351097
1003873,0.0068486733
1003874,-4.713127
1003875,-1.3333352
1003876,-1.5934592
1003877,-2.665767
1003878,-1.5621538
1003879,-4.7622533
1003880,-6.0351305
1003881,-6.5785213
1003882,-5.288042
1003883,-3.300166
1003884,-8.12358
1003885,-4.782761
1003886,-0.406476
1003887,-7.250862
1003888,-2.432148
1003889,-1.5535054
1003890,-6.574756
1003891,-3.241999
1003892,-6.6883755
1003893,-5.1171665
1003894,-2.3236876
1003895,-7.0700426
1003896,-6.036659
1003897,-6.14856
1003898,-3.1999495
1003899,-1.6247038
1003900,-0.97070086
1003901,0.29693216
1003902,-4.275252
1003903,-5.3707438
1003904,-7.4289846
1003905,-6.420803
1003906,-5.0046926
1003907,-7.3544664
1003908,-3.4638715
1003909,-4.496766
1003910,-3.1102636
1003911,-4.7976465
1003912,-7.007561
1003913,0.3330685
1003914,-3.004311
1003915,-4.1267157
1003916,-0.6451573
1003917,-6.976906
1003918,-5.8793783
1003919,-6.164338
1003920,-1.2070453
1003921,-6.203729
1003922,-0.07180443
1003923,-6.8794203
1003924,-8.132241
1003925,-6.837216
1003926,-3.3449702
1003927,1.0105903
1003928,-2.0136797
1003929,-8.631836
1003930,-4.650949
1003931,-2.2373233
1003932,-4.1676035
1003933,-3.5441642
1003934,-7.152416
1003935,-7.23416
1003936,-3.2473617
1003937,-1.1347706
1003938,-2.8432057
1003939,-5.535468
1003940,1.9826537
1003941,-0.14789212
1003942,-3.3380976
1003943,-5.953191
1003944,-6.593462
1003945,-5.312332
1003946,-3.5867846
1003947,-8.452185
1003948,-4.20935
1003949,-5.8049145
1003950,0.041561518
1003951,-2.1926172
1003952,-3.8447132
1003953,-4.6176825
1003954,-2.487176
1003955,-6.4880257
1003956,-7.1365223
1003957,-6.97746
1003958,-3.4432886
1003959,-1.8798269
1003960,-1.9848827
1003961,-0.58358747
1003962,-8.547953
1003963,-5.847342
1003964,-7.546481
1003965,-2.1472237
1003966,-5.7289424
1003967,-7.2594237
1003968,-5.0448256
1003969,-4.2243376
1003970,-7.891408
1003971,3.576973
1003972,-7.2002234
1003973,-7.678747
1003974,-5.7725997
1003975,-4.2949376
1003976,-2.331955
1003977,-1.7141064
1003978,-5.586465
1003979,-7.153324
1003980,-3.1256049
1003981,-3.4278486
1003982,-4.630963
1003983,-1.599704
1003984,-1.9826744
1003985,-2.212589
1003986,-1.6359663
1003987,-4.504519
1003988,-7.7844396
1003989,-7.035759
1003990,-3.5093307
1003991,-1.0244691
1003992,-1.7085239
1003993,-7.8342657
1003994,-1.518168
1003995,-3.0258024
1003996,-5.2918916
1003997,-3.0103273
1003998,-1.9913467
1003999,-6.8586473
1004000,-3.4362624
1004001,-6.803824
1004002,-7.6705866
1004003,-6.2380695
1004004,-5.8172617
1004005,-1.6067499
1004006,-3.3557148
1004007,-6.122878
1004008,-7.4654117
1004009,-3.234319
1004010,-0.70911044
1004011,-1.3871473
1004012,-6.838079
1004013,-7.206501
1004014,-4.57426
1004015,-4.3661966
1004016,1.1532744
1004017,-6.9392667
1004018,-4.335488
1004019,-4.113341
1004020,-6.8051634
1004021,-4.187404
1004022,-6.4844775
1004023,-4.2401
1004024,-2.0100951
1004025,-5.7728643
1004026,-7.1721416
1004027,-7.4585195
1004028,-2.1048043
1004029,-8.01166
1004030,-0.877084
1004031,-7.1475
1004032,-7.2716966
1004033,-2.043086
1004034,-4.912617
1004035,-8.12365
1004036,-2.7772079
1004037,-4.6966925
1004038,-0.7727726
1004039,-1.852083
1004040,-7.4107814
1004041,-1.2680892
1004042,-2.2750366
1004043,-1.8125631
1004044,-2.5094213
1004045,-6.2756658
1004046,-3.6697605
1004047,-8.018061
1004048,-3.2202232
1004049,-6.995073
1004050,-5.2925076
1004051,-6.77767
1004052,-3.8044255
1004053,-6.8739886
1004054,-7.3289638
1004055,-3.4449737
1004056,-9.189517
1004057,-4.919885
1004058,-1.2046623
1004059,-2.6312997
1004060,-6.0826974
1004061,-4.320051
1004062,-3.7808166
1004063,-3.137954
1004064,-1.5700549
1004065,-0.08708207
1004066,-1.2365345
1004067,-8.110857
1004068,-1.1405566
1004069,-2.2622898
1004070,-6.663202
1004071,-3.3635244
1004072,-3.5796943
1004073,-3.7510688
1004074,-4.0031195
1004075,-2.390842
1004076,-4.146862
1004077,-4.1349196
1004078,-3.1356256
1004079,-0.10696406
1004080,-2.966111
1004081,-1.6828928
1004082,-7.9065886
1004083,-6.932259
1004084,-4.8243384
1004085,-3.2822132
1004086,-3.8514442
1004087,-2.5455704
1004088,1.6485603
1004089,-0.08730177
1004090,-4.9746113
1004091,-2.2521815
1004092,-5.851827
1004093,-4.717347
1004094,-4.5833755
1004095,-7.417748
1004096,-6.6167955
1004097,-3.1672974
1004098,-5.112422
1004099,-6.198533
1004100,-1.6369528
1004101,-1.9658914
1004102,-5.845319
1004103,-4.2625155
1004104,-4.7860384
1004105,-4.2043037
1004106,-4.000877
1004107,-7.346536
1004108,-7.00164
1004109,-3.236236
1004110,-7.464293
1004111,-4.2289286
1004112,-4.9002404
1004113,-3.095722
1004114,-9.095072
1004115,-7.627297
1004116,-3.776708
1004117,-5.596348
1004118,-7.9511304
1004119,-5.7286935
1004120,-6.7513742
1004121,0.4932574
1004122,-4.070421
1004123,-2.118342
1004124,-2.5462039
1004125,-4.918346
1004126,-2.786529
1004127,-1.9231665
1004128,-6.291465
1004129,-1.8379141
1004130,-6.7797747
1004131,-4.8356886
1004132,-4.993828
1004133,-2.2157192
1004134,-3.3525891
1004135,-4.813742
1004136,-7.839959
1004137,-4.985963
1004138,-1.2455115
1004139,-6.2268515
1004140,-3.5897703
1004141,-0.81773704
1004142,-1.652683
1004143,-4.333997
1004144,-6.0491824
1004145,-1.6883093
1004146,-5.877771
1004147,-2.850265
1004148,-3.0232103
1004149,-1.534343
1004150,-3.9370878
1004151,-6.7387958
1004152,-4.6254015
1004153,-2.797725
1004154,-2.4381533
1004155,-3.7522917
1004156,-1.127483
1004157,-2.9840918
1004158,-6.403919
1004159,-1.1265539
1004160,-5.3836875
1004161,-5.2330227
1004162,-8.802603
1004163,-6.1655965
1004164,-1.2343389
1004165,-5.086521
1004166,-1.7390473
1004167,-2.0030901
1004168,-5.866586
1004169,-2.3437574
1004170,0.46158135
1004171,-6.6164384
1004172,-2.5109532
1004173,-5.757965
1004174,-3.2645497
1004175,-3.266614
1004176,-2.3393893
1004177,-1.8884286
1004178,-2.4694207
1004179,-4.7224216
1004180,-5.9083323
1004181,-4.9139047
1004182,-6.4280415
1004183,-4.7523446
1004184,-3.707948
1004185,-5.153241
1004186,-2.8066494
1004187,-3.3230636
1004188,-2.6846242
1004189,-3.3776128
1004190,-3.7351673
1004191,-3.414991
1004192,-3.9493384
1004193,-6.3775077
1004194,-1.7904067
1004195,0.14961624
1004196,-3.302491
1004197,-0.52999884
1004198,-4.118558
1004199,-3.26055
1004200,-7.2617784
1004201,-2.9462929
1004202,-2.2722983
1004203,-6.642248
1004204,-2.8182964
1004205,-7.1220455
1004206,-4.255757
1004207,-6.867601
1004208,-1.0690897
1004209,-2.5716739
1004210,-2.432867
1004211,-6.217104
1004212,-6.2079353
1004213,-3.7854083
1004214,-3.7706046
1004215,-2.218559
1004216,-8.469833
1004217,-9.391215
1004218,-7.018481
1004219,-2.8926325
1004220,-5.3785834
1004221,-2.4349117
1004222,-5.6952314
1004223,-4.0262127
1004224,-2.8623352
1004225,-3.3760176
1004226,-4.581911
1004227,-6.8051147
1004228,-7.5131507
1004229,-5.0860343
1004230,-3.079587
1004231,-6.4812818
1004232,-1.3609766
1004233,-7.3838162
1004234,-5.7085404
1004235,-5.321623
1004236,-7.3665595
1004237,-5.3280454
1004238,-2.0900643
1004239,-1.9625196
1004240,-9.403124
1004241,-3.1407046
1004242,-2.9665484
1004243,-0.8514903
1004244,-5.8620462
1004245,-3.1366694
1004246,-3.499053
1004247,-2.549647
1004248,-3.5933955
1004249,-4.061951
1004250,-8.926525
1004251,-3.3118129
1004252,-8.65136
1004253,-5.939574
1004254,-6.8458133
1004255,-6.682751
1004256,-6.627648
1004257,-2.542802
1004258,-5.218918
1004259,-6.1250067
1004260,-3.0753152
1004261,-4.7346883
1004262,-2.707995
1004263,-8.5443735
1004264,-5.412325
1004265,-7.904844
1004266,-2.6070364
1004267,-7.2400556
1004268,-1.5536318
1004269,-4.5846562
1004270,-2.1800826
1004271,-6.7036586
1004272,-3.2864034
1004273,-3.8671803
1004274,-5.243615
1004275,-2.822216
1004276,-4.737544
1004277,-3.0765605
1004278,-4.1295533
1004279,-3.299433
1004280,-5.857664
1004281,-0.33427373
1004282,-1.1703706
1004283,-0.22322714
1004284,-2.7895055
1004285,-3.2876756
1004286,-1.0974554
1004287,-4.4480195
1004288,-4.681244
1004289,-5.07403
1004290,-2.604828
1004291,-4.834736
1004292,-7.933455
1004293,-1.7107738
1004294,-3.1484683
1004295,-6.9909663
1004296,-3.0743878
1004297,-3.4184568
1004298,-3.9905686
1004299,-4.3906126
1004300,-6.1824346
1004301,-3.296531
1004302,-3.858495
1004303,-2.659077
1004304,-6.6930714
1004305,-1.1823775
1004306,-7.1159434
1004307,-3.719261
1004308,-4.6418095
1004309,-6.5868917
1004310,-1.7944568
1004311,-5.9665823
1004312,-3.6596818
1004313,-4.903429
1004314,-5.3470316
1004315,-3.5790918
1004316,-5.197248
1004317,-7.8144937
1004318,-3.6032968
1004319,-3.4635158
1004320,-3.369897
1004321,-0.94692165
1004322,-5.751811
1004323,-1.890091
1004324,-1.5063596
1004325,-6.0633874
1004326,-2.7530465
1004327,-6.612961
1004328,-3.8192964
1004329,-4.7574916
1004330,-7.7033334
1004331,-4.135168
1004332,-2.9778652
1004333,-0.5371686
1004334,-5.858477
1004335,-2.987035
1004336,-8.581917
1004337,-4.4081073
1004338,-3.8633645
1004339,-2.7433486
1004340,-6.158008
1004341,-2.2783322
1004342,-7.581274
1004343,-3.0448034
1004344,-4.5027137
1004345,-2.810786
1004346,-6.690221
1004347,-6.9593663
1004348,-7.989681
1004349,-7.8546295
1004350,-3.0306435
1004351,-3.7463367
1004352,-5.648818
1004353,-6.7466593
1004354,-6.4083395
1004355,-4.1468
1004356,-2.7349503
1004357,-3.9001448
1004358,-5.0961413
1004359,-2.6420426
1004360,-5.3037367
1004361,-4.209517
1004362,-2.9206095
1004363,-5.700285
1004364,-0.85089964
1004365,-6.1433034
1004366,-1.5893234
1004367,-4.188271
1004368,-7.6704817
1004369,-7.8685575
1004370,-2.0104885
1004371,-4.064661
1004372,-3.4455283
1004373,-5.179028
1004374,-7.540563
1004375,-2.4767768
1004376,-4.644885
1004377,-6.080977
1004378,-2.9045756
1004379,-2.905926
1004380,-0.8489612
1004381,-0.6579901
1004382,-3.3655527
1004383,-0.0211979
1004384,-3.6502857
1004385,-4.8877034
1004386,-2.0524306
1004387,-4.2561073
1004388,-4.9727697
1004389,-7.963328
1004390,-2.793945
1004391,-5.8783855
1004392,-5.556832
1004393,-6.834665
1004394,-5.0993047
1004395,-2.3078473
1004396,-4.5083427
1004397,-4.049358
1004398,-5.1767974
1004399,-7.1809177
1004400,-5.5107474
1004401,-5.0447125
1004402,-2.9680445
1004403,-0.051904745
1004404,-4.824903
1004405,-5.755717
1004406,-8.10146
1004407,-2.6372461
1004408,-7.79086
1004409,-0.3622598
1004410,-4.0062733
1004411,-4.475934
1004412,-6.622491
1004413,-1.9138178
1004414,-5.6832805
1004415,-3.2615242
1004416,-4.268605
1004417,-0.3393653
1004418,-2.6109076
1004419,-5.1897955
1004420,-2.4606273
1004421,-2.093773
1004422,-0.7998684
1004423,-6.4564085
1004424,-3.7610755
1004425,-1.1156209
1004426,-3.32838
1004427,-2.919627
1004428,-1.8508319
1004429,-4.053957
1004430,-8.636597
1004431,-3.0519843
1004432,-4.3507657
1004433,-3.4660435
1004434,-4.4351835
1004435,-8.02481
1004436,0.93626124
1004437,-3.4475186
1004438,-5.97505
1004439,-2.8412056
1004440,-3.8976252
1004441,-1.4459212
1004442,-3.7709117
1004443,-7.1385813
1004444,0.37059307
1004445,-6.4801636
1004446,-3.052798
1004447,-2.767239
1004448,-3.9149904
1004449,-1.3781878
1004450,-0.038789507
1004451,-3.3662827
1004452,-5.6339884
1004453,-6.9324512
1004454,-1.805723
1004455,-2.3593283
1004456,-7.2489142
1004457,-7.839803
1004458,-5.7743707
1004459,-6.6209755
1004460,-5.7103477
1004461,-4.1525364
1004462,-6.6479373
1004463,-3.4301507
1004464,-3.3053389
1004465,-8.155393
1004466,-3.140111
1004467,-2.8226643
1004468,-6.3521266
1004469,-5.4565506
1004470,-1.505741
1004471,-5.9721212
1004472,-0.8157141
1004473,-4.0463324
1004474,-4.9478903
1004475,-5.2957277
1004476,-0.084712654
1004477,-5.9095974
1004478,-5.7114716
1004479,-1.4621977
1004480,-2.9478493
1004481,-3.418186
1004482,-4.553991
1004483,-7.3850217
1004484,-2.5558674
1004485,-1.774498
1004486,-1.3164587
1004487,-4.1689687
1004488,-4.5023627
1004489,-4.052532
1004490,-3.3377564
